,TestOrTrain,Potability,SVM Test Score
0,Train,False,0.6705298013245033
1,Train,False,0.6705298013245033
2,Train,False,0.6705298013245033
3,Test,False,0.6705298013245033
4,Train,False,0.6705298013245033
5,Train,False,0.6705298013245033
6,Test,False,0.6705298013245033
7,Train,False,0.6705298013245033
8,Train,False,0.6705298013245033
9,Test,False,0.6705298013245033
10,Test,False,0.6705298013245033
11,Test,False,0.6705298013245033
12,Train,False,0.6705298013245033
13,Test,False,0.6705298013245033
14,Train,False,0.6705298013245033
15,Test,False,0.6705298013245033
16,Train,False,0.6705298013245033
17,Train,False,0.6705298013245033
18,Test,False,0.6705298013245033
19,Test,False,0.6705298013245033
20,Test,False,0.6705298013245033
21,Test,False,0.6705298013245033
22,Test,False,0.6705298013245033
23,Train,False,0.6705298013245033
24,Train,False,0.6705298013245033
25,Train,False,0.6705298013245033
26,Train,False,0.6705298013245033
27,Train,False,0.6705298013245033
28,Test,False,0.6705298013245033
29,Train,False,0.6705298013245033
30,Test,False,0.6705298013245033
31,Test,False,0.6705298013245033
32,Train,False,0.6705298013245033
33,Train,False,0.6705298013245033
34,Train,False,0.6705298013245033
35,Train,False,0.6705298013245033
36,Train,False,0.6705298013245033
37,Train,False,0.6705298013245033
38,Train,False,0.6705298013245033
39,Train,False,0.6705298013245033
40,Test,False,0.6705298013245033
41,Train,False,0.6705298013245033
42,Train,False,0.6705298013245033
43,Test,False,0.6705298013245033
44,Train,False,0.6705298013245033
45,Train,False,0.6705298013245033
46,Train,False,0.6705298013245033
47,Test,False,0.6705298013245033
48,Test,False,0.6705298013245033
49,Train,False,0.6705298013245033
50,Test,False,0.6705298013245033
51,Test,False,0.6705298013245033
52,Train,False,0.6705298013245033
53,Train,False,0.6705298013245033
54,Test,False,0.6705298013245033
55,Test,False,0.6705298013245033
56,Train,False,0.6705298013245033
57,Train,False,0.6705298013245033
58,Test,False,0.6705298013245033
59,Train,False,0.6705298013245033
60,Train,False,0.6705298013245033
61,Train,False,0.6705298013245033
62,Train,False,0.6705298013245033
63,Train,False,0.6705298013245033
64,Train,False,0.6705298013245033
65,Train,False,0.6705298013245033
66,Train,False,0.6705298013245033
67,Test,False,0.6705298013245033
68,Train,False,0.6705298013245033
69,Test,False,0.6705298013245033
70,Train,False,0.6705298013245033
71,Train,False,0.6705298013245033
72,Test,False,0.6705298013245033
73,Test,False,0.6705298013245033
74,Test,False,0.6705298013245033
75,Test,False,0.6705298013245033
76,Train,False,0.6705298013245033
77,Train,False,0.6705298013245033
78,Train,False,0.6705298013245033
79,Test,False,0.6705298013245033
80,Train,False,0.6705298013245033
81,Test,False,0.6705298013245033
82,Train,False,0.6705298013245033
83,Train,False,0.6705298013245033
84,Train,False,0.6705298013245033
85,Test,False,0.6705298013245033
86,Train,False,0.6705298013245033
87,Test,False,0.6705298013245033
88,Train,False,0.6705298013245033
89,Train,False,0.6705298013245033
90,Train,False,0.6705298013245033
91,Test,False,0.6705298013245033
92,Train,False,0.6705298013245033
93,Train,False,0.6705298013245033
94,Train,False,0.6705298013245033
95,Train,False,0.6705298013245033
96,Test,False,0.6705298013245033
97,Train,False,0.6705298013245033
98,Train,False,0.6705298013245033
99,Test,False,0.6705298013245033
100,Test,False,0.6705298013245033
101,Test,False,0.6705298013245033
102,Train,False,0.6705298013245033
103,Train,False,0.6705298013245033
104,Test,False,0.6705298013245033
105,Test,False,0.6705298013245033
106,Train,False,0.6705298013245033
107,Train,False,0.6705298013245033
108,Train,False,0.6705298013245033
109,Test,False,0.6705298013245033
110,Train,False,0.6705298013245033
111,Train,False,0.6705298013245033
112,Train,False,0.6705298013245033
113,Train,False,0.6705298013245033
114,Test,False,0.6705298013245033
115,Train,False,0.6705298013245033
116,Test,False,0.6705298013245033
117,Train,False,0.6705298013245033
118,Test,False,0.6705298013245033
119,Train,False,0.6705298013245033
120,Train,False,0.6705298013245033
121,Train,False,0.6705298013245033
122,Train,False,0.6705298013245033
123,Train,False,0.6705298013245033
124,Train,False,0.6705298013245033
125,Train,False,0.6705298013245033
126,Train,False,0.6705298013245033
127,Train,False,0.6705298013245033
128,Test,False,0.6705298013245033
129,Train,False,0.6705298013245033
130,Train,False,0.6705298013245033
131,Train,False,0.6705298013245033
132,Train,False,0.6705298013245033
133,Train,False,0.6705298013245033
134,Train,False,0.6705298013245033
135,Train,False,0.6705298013245033
136,Train,False,0.6705298013245033
137,Train,False,0.6705298013245033
138,Test,False,0.6705298013245033
139,Train,False,0.6705298013245033
140,Test,False,0.6705298013245033
141,Train,False,0.6705298013245033
142,Train,False,0.6705298013245033
143,Train,False,0.6705298013245033
144,Train,False,0.6705298013245033
145,Train,False,0.6705298013245033
146,Test,False,0.6705298013245033
147,Train,False,0.6705298013245033
148,Test,False,0.6705298013245033
149,Train,False,0.6705298013245033
150,Train,False,0.6705298013245033
151,Train,False,0.6705298013245033
152,Test,False,0.6705298013245033
153,Test,False,0.6705298013245033
154,Train,True,0.6705298013245033
155,Test,True,0.6705298013245033
156,Test,True,0.6705298013245033
157,Train,True,0.6705298013245033
158,Train,True,0.6705298013245033
159,Test,True,0.6705298013245033
160,Test,True,0.6705298013245033
161,Train,True,0.6705298013245033
162,Train,True,0.6705298013245033
163,Train,True,0.6705298013245033
164,Train,True,0.6705298013245033
165,Test,True,0.6705298013245033
166,Train,True,0.6705298013245033
167,Train,True,0.6705298013245033
168,Test,True,0.6705298013245033
169,Train,True,0.6705298013245033
170,Train,True,0.6705298013245033
171,Test,True,0.6705298013245033
172,Train,True,0.6705298013245033
173,Test,True,0.6705298013245033
174,Train,True,0.6705298013245033
175,Train,True,0.6705298013245033
176,Test,True,0.6705298013245033
177,Train,True,0.6705298013245033
178,Train,True,0.6705298013245033
179,Test,True,0.6705298013245033
180,Train,True,0.6705298013245033
181,Test,True,0.6705298013245033
182,Test,True,0.6705298013245033
183,Train,True,0.6705298013245033
184,Train,True,0.6705298013245033
185,Train,True,0.6705298013245033
186,Test,True,0.6705298013245033
187,Train,True,0.6705298013245033
188,Train,True,0.6705298013245033
189,Test,True,0.6705298013245033
190,Train,True,0.6705298013245033
191,Test,True,0.6705298013245033
192,Train,True,0.6705298013245033
193,Test,True,0.6705298013245033
194,Test,True,0.6705298013245033
195,Train,True,0.6705298013245033
196,Train,True,0.6705298013245033
197,Test,True,0.6705298013245033
198,Test,True,0.6705298013245033
199,Train,True,0.6705298013245033
200,Train,True,0.6705298013245033
201,Test,True,0.6705298013245033
202,Test,True,0.6705298013245033
203,Train,True,0.6705298013245033
204,Train,True,0.6705298013245033
205,Test,True,0.6705298013245033
206,Train,True,0.6705298013245033
207,Train,True,0.6705298013245033
208,Test,True,0.6705298013245033
209,Train,True,0.6705298013245033
210,Train,True,0.6705298013245033
211,Train,True,0.6705298013245033
212,Test,True,0.6705298013245033
213,Test,True,0.6705298013245033
214,Train,True,0.6705298013245033
215,Train,True,0.6705298013245033
216,Train,True,0.6705298013245033
217,Test,True,0.6705298013245033
218,Train,True,0.6705298013245033
219,Test,True,0.6705298013245033
220,Train,True,0.6705298013245033
221,Train,True,0.6705298013245033
222,Test,True,0.6705298013245033
223,Test,True,0.6705298013245033
224,Test,True,0.6705298013245033
225,Train,True,0.6705298013245033
226,Train,True,0.6705298013245033
227,Train,True,0.6705298013245033
228,Train,True,0.6705298013245033
229,Train,True,0.6705298013245033
230,Train,True,0.6705298013245033
231,Test,True,0.6705298013245033
232,Train,True,0.6705298013245033
233,Train,True,0.6705298013245033
234,Train,True,0.6705298013245033
235,Train,True,0.6705298013245033
236,Test,True,0.6705298013245033
237,Train,True,0.6705298013245033
238,Train,True,0.6705298013245033
239,Train,True,0.6705298013245033
240,Train,True,0.6705298013245033
241,Train,True,0.6705298013245033
242,Train,True,0.6705298013245033
243,Test,True,0.6705298013245033
244,Train,True,0.6705298013245033
245,Train,True,0.6705298013245033
246,Train,True,0.6705298013245033
247,Train,True,0.6705298013245033
248,Train,True,0.6705298013245033
249,Train,True,0.6705298013245033
250,Train,True,0.6705298013245033
251,Train,True,0.6705298013245033
252,Train,True,0.6705298013245033
253,Train,True,0.6705298013245033
254,Train,True,0.6705298013245033
255,Train,True,0.6705298013245033
256,Train,False,0.6705298013245033
257,Test,False,0.6705298013245033
258,Train,False,0.6705298013245033
259,Test,False,0.6705298013245033
260,Test,False,0.6705298013245033
261,Train,False,0.6705298013245033
262,Test,False,0.6705298013245033
263,Train,False,0.6705298013245033
264,Test,False,0.6705298013245033
265,Train,False,0.6705298013245033
266,Train,False,0.6705298013245033
267,Train,False,0.6705298013245033
268,Test,False,0.6705298013245033
269,Test,False,0.6705298013245033
270,Test,False,0.6705298013245033
271,Train,False,0.6705298013245033
272,Test,False,0.6705298013245033
273,Test,False,0.6705298013245033
274,Train,False,0.6705298013245033
275,Train,False,0.6705298013245033
276,Test,False,0.6705298013245033
277,Train,False,0.6705298013245033
278,Test,False,0.6705298013245033
279,Train,False,0.6705298013245033
280,Test,False,0.6705298013245033
281,Test,False,0.6705298013245033
282,Train,False,0.6705298013245033
283,Train,False,0.6705298013245033
284,Train,False,0.6705298013245033
285,Test,False,0.6705298013245033
286,Test,False,0.6705298013245033
287,Test,False,0.6705298013245033
288,Train,False,0.6705298013245033
289,Train,False,0.6705298013245033
290,Test,False,0.6705298013245033
291,Train,False,0.6705298013245033
292,Test,False,0.6705298013245033
293,Train,False,0.6705298013245033
294,Train,False,0.6705298013245033
295,Train,False,0.6705298013245033
296,Train,False,0.6705298013245033
297,Train,False,0.6705298013245033
298,Train,False,0.6705298013245033
299,Train,False,0.6705298013245033
300,Train,False,0.6705298013245033
301,Test,False,0.6705298013245033
302,Train,False,0.6705298013245033
303,Train,False,0.6705298013245033
304,Test,False,0.6705298013245033
305,Train,False,0.6705298013245033
306,Test,False,0.6705298013245033
307,Train,False,0.6705298013245033
308,Test,False,0.6705298013245033
309,Train,False,0.6705298013245033
310,Test,False,0.6705298013245033
311,Train,False,0.6705298013245033
312,Train,False,0.6705298013245033
313,Train,False,0.6705298013245033
314,Train,False,0.6705298013245033
315,Train,False,0.6705298013245033
316,Train,False,0.6705298013245033
317,Train,False,0.6705298013245033
318,Train,False,0.6705298013245033
319,Test,False,0.6705298013245033
320,Test,False,0.6705298013245033
321,Train,False,0.6705298013245033
322,Train,False,0.6705298013245033
323,Train,False,0.6705298013245033
324,Train,False,0.6705298013245033
325,Train,False,0.6705298013245033
326,Train,False,0.6705298013245033
327,Train,False,0.6705298013245033
328,Test,False,0.6705298013245033
329,Train,False,0.6705298013245033
330,Test,False,0.6705298013245033
331,Train,False,0.6705298013245033
332,Train,False,0.6705298013245033
333,Train,False,0.6705298013245033
334,Test,False,0.6705298013245033
335,Train,False,0.6705298013245033
336,Train,False,0.6705298013245033
337,Train,False,0.6705298013245033
338,Train,False,0.6705298013245033
339,Test,False,0.6705298013245033
340,Train,False,0.6705298013245033
341,Train,False,0.6705298013245033
342,Train,False,0.6705298013245033
343,Train,False,0.6705298013245033
344,Train,False,0.6705298013245033
345,Test,False,0.6705298013245033
346,Train,False,0.6705298013245033
347,Train,False,0.6705298013245033
348,Train,False,0.6705298013245033
349,Test,False,0.6705298013245033
350,Train,False,0.6705298013245033
351,Test,False,0.6705298013245033
352,Test,False,0.6705298013245033
353,Train,False,0.6705298013245033
354,Train,False,0.6705298013245033
355,Train,False,0.6705298013245033
356,Train,False,0.6705298013245033
357,Test,False,0.6705298013245033
358,Test,False,0.6705298013245033
359,Train,False,0.6705298013245033
360,Train,False,0.6705298013245033
361,Train,False,0.6705298013245033
362,Train,False,0.6705298013245033
363,Test,False,0.6705298013245033
364,Train,False,0.6705298013245033
365,Test,False,0.6705298013245033
366,Train,False,0.6705298013245033
367,Train,False,0.6705298013245033
368,Train,False,0.6705298013245033
369,Train,False,0.6705298013245033
370,Train,False,0.6705298013245033
371,Train,False,0.6705298013245033
372,Test,False,0.6705298013245033
373,Train,False,0.6705298013245033
374,Train,False,0.6705298013245033
375,Train,False,0.6705298013245033
376,Train,False,0.6705298013245033
377,Train,False,0.6705298013245033
378,Train,False,0.6705298013245033
379,Train,False,0.6705298013245033
380,Test,False,0.6705298013245033
381,Test,False,0.6705298013245033
382,Test,False,0.6705298013245033
383,Train,False,0.6705298013245033
384,Train,False,0.6705298013245033
385,Train,False,0.6705298013245033
386,Train,False,0.6705298013245033
387,Train,False,0.6705298013245033
388,Train,False,0.6705298013245033
389,Test,False,0.6705298013245033
390,Train,False,0.6705298013245033
391,Test,False,0.6705298013245033
392,Train,False,0.6705298013245033
393,Train,False,0.6705298013245033
394,Train,False,0.6705298013245033
395,Train,False,0.6705298013245033
396,Test,False,0.6705298013245033
397,Train,False,0.6705298013245033
398,Train,False,0.6705298013245033
399,Train,False,0.6705298013245033
400,Train,False,0.6705298013245033
401,Test,False,0.6705298013245033
402,Test,False,0.6705298013245033
403,Train,False,0.6705298013245033
404,Train,False,0.6705298013245033
405,Train,False,0.6705298013245033
406,Test,True,0.6705298013245033
407,Train,True,0.6705298013245033
408,Train,True,0.6705298013245033
409,Train,True,0.6705298013245033
410,Train,True,0.6705298013245033
411,Test,True,0.6705298013245033
412,Test,True,0.6705298013245033
413,Train,True,0.6705298013245033
414,Train,True,0.6705298013245033
415,Train,True,0.6705298013245033
416,Train,True,0.6705298013245033
417,Train,True,0.6705298013245033
418,Train,True,0.6705298013245033
419,Train,True,0.6705298013245033
420,Test,True,0.6705298013245033
421,Test,True,0.6705298013245033
422,Train,True,0.6705298013245033
423,Train,True,0.6705298013245033
424,Test,True,0.6705298013245033
425,Train,True,0.6705298013245033
426,Test,True,0.6705298013245033
427,Test,True,0.6705298013245033
428,Train,True,0.6705298013245033
429,Test,True,0.6705298013245033
430,Train,True,0.6705298013245033
431,Train,True,0.6705298013245033
432,Train,True,0.6705298013245033
433,Train,True,0.6705298013245033
434,Train,True,0.6705298013245033
435,Train,True,0.6705298013245033
436,Train,True,0.6705298013245033
437,Test,True,0.6705298013245033
438,Train,True,0.6705298013245033
439,Train,True,0.6705298013245033
440,Train,True,0.6705298013245033
441,Test,True,0.6705298013245033
442,Test,True,0.6705298013245033
443,Test,True,0.6705298013245033
444,Train,True,0.6705298013245033
445,Train,True,0.6705298013245033
446,Train,True,0.6705298013245033
447,Test,True,0.6705298013245033
448,Train,True,0.6705298013245033
449,Train,True,0.6705298013245033
450,Test,True,0.6705298013245033
451,Train,True,0.6705298013245033
452,Test,True,0.6705298013245033
453,Train,True,0.6705298013245033
454,Train,True,0.6705298013245033
455,Train,True,0.6705298013245033
456,Train,True,0.6705298013245033
457,Train,True,0.6705298013245033
458,Test,True,0.6705298013245033
459,Train,True,0.6705298013245033
460,Train,True,0.6705298013245033
461,Train,True,0.6705298013245033
462,Train,True,0.6705298013245033
463,Train,True,0.6705298013245033
464,Train,True,0.6705298013245033
465,Test,True,0.6705298013245033
466,Test,True,0.6705298013245033
467,Train,True,0.6705298013245033
468,Test,True,0.6705298013245033
469,Train,True,0.6705298013245033
470,Train,True,0.6705298013245033
471,Train,True,0.6705298013245033
472,Test,True,0.6705298013245033
473,Train,True,0.6705298013245033
474,Train,True,0.6705298013245033
475,Train,True,0.6705298013245033
476,Train,True,0.6705298013245033
477,Train,True,0.6705298013245033
478,Train,True,0.6705298013245033
479,Train,True,0.6705298013245033
480,Train,True,0.6705298013245033
481,Train,True,0.6705298013245033
482,Train,True,0.6705298013245033
483,Train,True,0.6705298013245033
484,Test,True,0.6705298013245033
485,Train,True,0.6705298013245033
486,Train,True,0.6705298013245033
487,Train,True,0.6705298013245033
488,Train,True,0.6705298013245033
489,Train,True,0.6705298013245033
490,Train,True,0.6705298013245033
491,Test,True,0.6705298013245033
492,Train,True,0.6705298013245033
493,Train,True,0.6705298013245033
494,Test,True,0.6705298013245033
495,Train,True,0.6705298013245033
496,Train,True,0.6705298013245033
497,Train,True,0.6705298013245033
498,Test,True,0.6705298013245033
499,Train,True,0.6705298013245033
500,Train,True,0.6705298013245033
501,Train,True,0.6705298013245033
502,Test,True,0.6705298013245033
503,Test,True,0.6705298013245033
504,Test,True,0.6705298013245033
505,Train,False,0.6705298013245033
506,Train,False,0.6705298013245033
507,Train,False,0.6705298013245033
508,Train,False,0.6705298013245033
509,Train,False,0.6705298013245033
510,Train,False,0.6705298013245033
511,Train,False,0.6705298013245033
512,Test,False,0.6705298013245033
513,Train,False,0.6705298013245033
514,Train,False,0.6705298013245033
515,Train,False,0.6705298013245033
516,Test,False,0.6705298013245033
517,Train,False,0.6705298013245033
518,Train,False,0.6705298013245033
519,Train,False,0.6705298013245033
520,Train,False,0.6705298013245033
521,Train,False,0.6705298013245033
522,Train,False,0.6705298013245033
523,Train,False,0.6705298013245033
524,Train,False,0.6705298013245033
525,Train,False,0.6705298013245033
526,Train,False,0.6705298013245033
527,Train,False,0.6705298013245033
528,Test,False,0.6705298013245033
529,Train,False,0.6705298013245033
530,Train,False,0.6705298013245033
531,Train,False,0.6705298013245033
532,Train,False,0.6705298013245033
533,Train,False,0.6705298013245033
534,Test,False,0.6705298013245033
535,Train,False,0.6705298013245033
536,Test,False,0.6705298013245033
537,Test,False,0.6705298013245033
538,Test,False,0.6705298013245033
539,Train,False,0.6705298013245033
540,Train,False,0.6705298013245033
541,Train,False,0.6705298013245033
542,Train,False,0.6705298013245033
543,Train,False,0.6705298013245033
544,Train,False,0.6705298013245033
545,Train,False,0.6705298013245033
546,Test,False,0.6705298013245033
547,Train,False,0.6705298013245033
548,Train,False,0.6705298013245033
549,Train,False,0.6705298013245033
550,Train,False,0.6705298013245033
551,Train,False,0.6705298013245033
552,Train,False,0.6705298013245033
553,Train,False,0.6705298013245033
554,Train,False,0.6705298013245033
555,Train,False,0.6705298013245033
556,Train,False,0.6705298013245033
557,Train,False,0.6705298013245033
558,Train,False,0.6705298013245033
559,Train,False,0.6705298013245033
560,Train,False,0.6705298013245033
561,Test,False,0.6705298013245033
562,Train,False,0.6705298013245033
563,Train,False,0.6705298013245033
564,Test,False,0.6705298013245033
565,Test,False,0.6705298013245033
566,Train,False,0.6705298013245033
567,Train,False,0.6705298013245033
568,Train,False,0.6705298013245033
569,Train,False,0.6705298013245033
570,Train,False,0.6705298013245033
571,Test,False,0.6705298013245033
572,Train,False,0.6705298013245033
573,Test,False,0.6705298013245033
574,Train,False,0.6705298013245033
575,Train,False,0.6705298013245033
576,Train,False,0.6705298013245033
577,Train,False,0.6705298013245033
578,Train,False,0.6705298013245033
579,Train,False,0.6705298013245033
580,Test,False,0.6705298013245033
581,Train,False,0.6705298013245033
582,Train,False,0.6705298013245033
583,Train,False,0.6705298013245033
584,Train,False,0.6705298013245033
585,Test,False,0.6705298013245033
586,Train,False,0.6705298013245033
587,Train,False,0.6705298013245033
588,Train,False,0.6705298013245033
589,Train,False,0.6705298013245033
590,Train,False,0.6705298013245033
591,Test,False,0.6705298013245033
592,Train,False,0.6705298013245033
593,Test,False,0.6705298013245033
594,Train,False,0.6705298013245033
595,Train,False,0.6705298013245033
596,Train,False,0.6705298013245033
597,Train,False,0.6705298013245033
598,Train,False,0.6705298013245033
599,Test,False,0.6705298013245033
600,Test,False,0.6705298013245033
601,Train,False,0.6705298013245033
602,Test,False,0.6705298013245033
603,Train,False,0.6705298013245033
604,Train,False,0.6705298013245033
605,Test,False,0.6705298013245033
606,Train,False,0.6705298013245033
607,Train,False,0.6705298013245033
608,Train,False,0.6705298013245033
609,Train,False,0.6705298013245033
610,Train,False,0.6705298013245033
611,Test,False,0.6705298013245033
612,Train,False,0.6705298013245033
613,Test,False,0.6705298013245033
614,Test,False,0.6705298013245033
615,Train,False,0.6705298013245033
616,Test,False,0.6705298013245033
617,Train,False,0.6705298013245033
618,Train,False,0.6705298013245033
619,Test,False,0.6705298013245033
620,Test,False,0.6705298013245033
621,Train,False,0.6705298013245033
622,Train,False,0.6705298013245033
623,Train,False,0.6705298013245033
624,Test,False,0.6705298013245033
625,Test,False,0.6705298013245033
626,Test,False,0.6705298013245033
627,Test,False,0.6705298013245033
628,Train,False,0.6705298013245033
629,Train,False,0.6705298013245033
630,Train,False,0.6705298013245033
631,Train,False,0.6705298013245033
632,Test,False,0.6705298013245033
633,Test,False,0.6705298013245033
634,Train,False,0.6705298013245033
635,Train,False,0.6705298013245033
636,Test,False,0.6705298013245033
637,Train,False,0.6705298013245033
638,Train,False,0.6705298013245033
639,Train,False,0.6705298013245033
640,Train,False,0.6705298013245033
641,Train,False,0.6705298013245033
642,Train,False,0.6705298013245033
643,Train,False,0.6705298013245033
644,Test,False,0.6705298013245033
645,Train,False,0.6705298013245033
646,Train,False,0.6705298013245033
647,Train,False,0.6705298013245033
648,Train,False,0.6705298013245033
649,Train,False,0.6705298013245033
650,Train,False,0.6705298013245033
651,Train,False,0.6705298013245033
652,Train,False,0.6705298013245033
653,Train,False,0.6705298013245033
654,Train,False,0.6705298013245033
655,Train,False,0.6705298013245033
656,Train,False,0.6705298013245033
657,Test,False,0.6705298013245033
658,Train,False,0.6705298013245033
659,Train,False,0.6705298013245033
660,Test,False,0.6705298013245033
661,Test,False,0.6705298013245033
662,Test,False,0.6705298013245033
663,Train,False,0.6705298013245033
664,Train,False,0.6705298013245033
665,Train,False,0.6705298013245033
666,Train,False,0.6705298013245033
667,Test,False,0.6705298013245033
668,Train,True,0.6705298013245033
669,Train,True,0.6705298013245033
670,Train,True,0.6705298013245033
671,Train,True,0.6705298013245033
672,Test,True,0.6705298013245033
673,Train,True,0.6705298013245033
674,Test,True,0.6705298013245033
675,Train,True,0.6705298013245033
676,Train,True,0.6705298013245033
677,Train,True,0.6705298013245033
678,Train,True,0.6705298013245033
679,Train,True,0.6705298013245033
680,Train,True,0.6705298013245033
681,Test,True,0.6705298013245033
682,Test,True,0.6705298013245033
683,Train,True,0.6705298013245033
684,Train,True,0.6705298013245033
685,Train,True,0.6705298013245033
686,Test,True,0.6705298013245033
687,Train,True,0.6705298013245033
688,Train,True,0.6705298013245033
689,Train,True,0.6705298013245033
690,Train,True,0.6705298013245033
691,Test,True,0.6705298013245033
692,Train,True,0.6705298013245033
693,Train,True,0.6705298013245033
694,Train,True,0.6705298013245033
695,Test,True,0.6705298013245033
696,Train,True,0.6705298013245033
697,Train,True,0.6705298013245033
698,Train,True,0.6705298013245033
699,Train,True,0.6705298013245033
700,Test,True,0.6705298013245033
701,Test,True,0.6705298013245033
702,Train,True,0.6705298013245033
703,Train,True,0.6705298013245033
704,Train,True,0.6705298013245033
705,Train,True,0.6705298013245033
706,Train,True,0.6705298013245033
707,Train,True,0.6705298013245033
708,Test,True,0.6705298013245033
709,Train,True,0.6705298013245033
710,Train,True,0.6705298013245033
711,Train,True,0.6705298013245033
712,Train,True,0.6705298013245033
713,Train,True,0.6705298013245033
714,Train,True,0.6705298013245033
715,Train,True,0.6705298013245033
716,Train,True,0.6705298013245033
717,Train,True,0.6705298013245033
718,Train,True,0.6705298013245033
719,Train,True,0.6705298013245033
720,Train,True,0.6705298013245033
721,Train,True,0.6705298013245033
722,Train,True,0.6705298013245033
723,Test,True,0.6705298013245033
724,Train,True,0.6705298013245033
725,Train,True,0.6705298013245033
726,Test,True,0.6705298013245033
727,Train,True,0.6705298013245033
728,Train,True,0.6705298013245033
729,Train,True,0.6705298013245033
730,Train,True,0.6705298013245033
731,Train,True,0.6705298013245033
732,Train,True,0.6705298013245033
733,Test,True,0.6705298013245033
734,Train,True,0.6705298013245033
735,Train,True,0.6705298013245033
736,Train,True,0.6705298013245033
737,Train,True,0.6705298013245033
738,Train,True,0.6705298013245033
739,Train,True,0.6705298013245033
740,Train,True,0.6705298013245033
741,Train,True,0.6705298013245033
742,Train,True,0.6705298013245033
743,Test,True,0.6705298013245033
744,Test,True,0.6705298013245033
745,Train,True,0.6705298013245033
746,Train,True,0.6705298013245033
747,Train,True,0.6705298013245033
748,Test,True,0.6705298013245033
749,Train,True,0.6705298013245033
750,Train,True,0.6705298013245033
751,Train,True,0.6705298013245033
752,Test,True,0.6705298013245033
753,Train,True,0.6705298013245033
754,Test,True,0.6705298013245033
755,Train,True,0.6705298013245033
756,Test,True,0.6705298013245033
757,Test,True,0.6705298013245033
758,Train,True,0.6705298013245033
759,Train,True,0.6705298013245033
760,Test,True,0.6705298013245033
761,Train,False,0.6705298013245033
762,Train,False,0.6705298013245033
763,Train,False,0.6705298013245033
764,Train,False,0.6705298013245033
765,Test,False,0.6705298013245033
766,Train,False,0.6705298013245033
767,Train,False,0.6705298013245033
768,Train,False,0.6705298013245033
769,Train,False,0.6705298013245033
770,Test,False,0.6705298013245033
771,Train,False,0.6705298013245033
772,Test,False,0.6705298013245033
773,Train,False,0.6705298013245033
774,Train,False,0.6705298013245033
775,Train,False,0.6705298013245033
776,Train,False,0.6705298013245033
777,Test,False,0.6705298013245033
778,Test,False,0.6705298013245033
779,Test,False,0.6705298013245033
780,Test,False,0.6705298013245033
781,Train,False,0.6705298013245033
782,Train,False,0.6705298013245033
783,Test,False,0.6705298013245033
784,Train,False,0.6705298013245033
785,Train,False,0.6705298013245033
786,Train,False,0.6705298013245033
787,Train,False,0.6705298013245033
788,Test,False,0.6705298013245033
789,Train,False,0.6705298013245033
790,Test,False,0.6705298013245033
791,Test,False,0.6705298013245033
792,Train,False,0.6705298013245033
793,Train,False,0.6705298013245033
794,Train,False,0.6705298013245033
795,Train,False,0.6705298013245033
796,Train,False,0.6705298013245033
797,Test,False,0.6705298013245033
798,Train,False,0.6705298013245033
799,Test,False,0.6705298013245033
800,Test,False,0.6705298013245033
801,Test,False,0.6705298013245033
802,Test,False,0.6705298013245033
803,Train,False,0.6705298013245033
804,Test,False,0.6705298013245033
805,Test,False,0.6705298013245033
806,Train,False,0.6705298013245033
807,Train,False,0.6705298013245033
808,Train,False,0.6705298013245033
809,Train,False,0.6705298013245033
810,Train,False,0.6705298013245033
811,Train,False,0.6705298013245033
812,Train,False,0.6705298013245033
813,Test,False,0.6705298013245033
814,Train,False,0.6705298013245033
815,Train,False,0.6705298013245033
816,Train,False,0.6705298013245033
817,Train,False,0.6705298013245033
818,Train,False,0.6705298013245033
819,Train,False,0.6705298013245033
820,Train,False,0.6705298013245033
821,Test,False,0.6705298013245033
822,Train,False,0.6705298013245033
823,Test,False,0.6705298013245033
824,Test,False,0.6705298013245033
825,Test,False,0.6705298013245033
826,Train,False,0.6705298013245033
827,Test,False,0.6705298013245033
828,Train,False,0.6705298013245033
829,Test,False,0.6705298013245033
830,Train,False,0.6705298013245033
831,Train,False,0.6705298013245033
832,Train,False,0.6705298013245033
833,Train,False,0.6705298013245033
834,Train,False,0.6705298013245033
835,Train,False,0.6705298013245033
836,Test,False,0.6705298013245033
837,Train,False,0.6705298013245033
838,Test,False,0.6705298013245033
839,Train,False,0.6705298013245033
840,Train,False,0.6705298013245033
841,Test,False,0.6705298013245033
842,Train,False,0.6705298013245033
843,Test,False,0.6705298013245033
844,Train,False,0.6705298013245033
845,Train,False,0.6705298013245033
846,Train,False,0.6705298013245033
847,Train,False,0.6705298013245033
848,Train,False,0.6705298013245033
849,Train,False,0.6705298013245033
850,Train,False,0.6705298013245033
851,Test,False,0.6705298013245033
852,Test,False,0.6705298013245033
853,Train,False,0.6705298013245033
854,Train,False,0.6705298013245033
855,Train,False,0.6705298013245033
856,Train,False,0.6705298013245033
857,Test,False,0.6705298013245033
858,Train,False,0.6705298013245033
859,Test,False,0.6705298013245033
860,Train,False,0.6705298013245033
861,Test,False,0.6705298013245033
862,Train,False,0.6705298013245033
863,Train,False,0.6705298013245033
864,Train,False,0.6705298013245033
865,Test,False,0.6705298013245033
866,Test,False,0.6705298013245033
867,Train,False,0.6705298013245033
868,Train,False,0.6705298013245033
869,Test,False,0.6705298013245033
870,Train,False,0.6705298013245033
871,Train,False,0.6705298013245033
872,Train,False,0.6705298013245033
873,Train,False,0.6705298013245033
874,Train,False,0.6705298013245033
875,Train,False,0.6705298013245033
876,Train,False,0.6705298013245033
877,Train,False,0.6705298013245033
878,Train,False,0.6705298013245033
879,Train,False,0.6705298013245033
880,Test,False,0.6705298013245033
881,Train,False,0.6705298013245033
882,Test,False,0.6705298013245033
883,Test,False,0.6705298013245033
884,Train,False,0.6705298013245033
885,Test,False,0.6705298013245033
886,Train,False,0.6705298013245033
887,Test,False,0.6705298013245033
888,Train,False,0.6705298013245033
889,Test,False,0.6705298013245033
890,Train,False,0.6705298013245033
891,Train,False,0.6705298013245033
892,Train,False,0.6705298013245033
893,Train,False,0.6705298013245033
894,Test,False,0.6705298013245033
895,Train,False,0.6705298013245033
896,Train,False,0.6705298013245033
897,Train,False,0.6705298013245033
898,Test,False,0.6705298013245033
899,Train,False,0.6705298013245033
900,Train,False,0.6705298013245033
901,Train,False,0.6705298013245033
902,Test,False,0.6705298013245033
903,Train,False,0.6705298013245033
904,Test,False,0.6705298013245033
905,Test,False,0.6705298013245033
906,Test,False,0.6705298013245033
907,Train,False,0.6705298013245033
908,Train,False,0.6705298013245033
909,Test,True,0.6705298013245033
910,Train,True,0.6705298013245033
911,Train,True,0.6705298013245033
912,Train,True,0.6705298013245033
913,Test,True,0.6705298013245033
914,Train,True,0.6705298013245033
915,Test,True,0.6705298013245033
916,Train,True,0.6705298013245033
917,Train,True,0.6705298013245033
918,Train,True,0.6705298013245033
919,Train,True,0.6705298013245033
920,Train,True,0.6705298013245033
921,Train,True,0.6705298013245033
922,Train,True,0.6705298013245033
923,Train,True,0.6705298013245033
924,Train,True,0.6705298013245033
925,Train,True,0.6705298013245033
926,Train,True,0.6705298013245033
927,Train,True,0.6705298013245033
928,Train,True,0.6705298013245033
929,Test,True,0.6705298013245033
930,Train,True,0.6705298013245033
931,Train,True,0.6705298013245033
932,Test,True,0.6705298013245033
933,Train,True,0.6705298013245033
934,Test,True,0.6705298013245033
935,Train,True,0.6705298013245033
936,Test,True,0.6705298013245033
937,Train,True,0.6705298013245033
938,Test,True,0.6705298013245033
939,Train,True,0.6705298013245033
940,Test,True,0.6705298013245033
941,Train,True,0.6705298013245033
942,Test,True,0.6705298013245033
943,Train,True,0.6705298013245033
944,Test,True,0.6705298013245033
945,Train,True,0.6705298013245033
946,Train,True,0.6705298013245033
947,Test,True,0.6705298013245033
948,Train,True,0.6705298013245033
949,Train,True,0.6705298013245033
950,Test,True,0.6705298013245033
951,Train,True,0.6705298013245033
952,Train,True,0.6705298013245033
953,Train,True,0.6705298013245033
954,Train,True,0.6705298013245033
955,Train,True,0.6705298013245033
956,Train,True,0.6705298013245033
957,Train,True,0.6705298013245033
958,Test,True,0.6705298013245033
959,Test,True,0.6705298013245033
960,Test,True,0.6705298013245033
961,Test,True,0.6705298013245033
962,Train,True,0.6705298013245033
963,Train,True,0.6705298013245033
964,Test,True,0.6705298013245033
965,Train,True,0.6705298013245033
966,Train,True,0.6705298013245033
967,Train,True,0.6705298013245033
968,Test,True,0.6705298013245033
969,Train,True,0.6705298013245033
970,Train,True,0.6705298013245033
971,Train,True,0.6705298013245033
972,Train,True,0.6705298013245033
973,Train,True,0.6705298013245033
974,Train,True,0.6705298013245033
975,Train,True,0.6705298013245033
976,Train,True,0.6705298013245033
977,Test,True,0.6705298013245033
978,Train,True,0.6705298013245033
979,Train,True,0.6705298013245033
980,Test,True,0.6705298013245033
981,Train,True,0.6705298013245033
982,Test,True,0.6705298013245033
983,Train,True,0.6705298013245033
984,Train,True,0.6705298013245033
985,Test,True,0.6705298013245033
986,Train,True,0.6705298013245033
987,Train,True,0.6705298013245033
988,Train,True,0.6705298013245033
989,Test,True,0.6705298013245033
990,Train,True,0.6705298013245033
991,Test,True,0.6705298013245033
992,Test,True,0.6705298013245033
993,Train,True,0.6705298013245033
994,Train,True,0.6705298013245033
995,Test,True,0.6705298013245033
996,Train,True,0.6705298013245033
997,Train,True,0.6705298013245033
998,Test,True,0.6705298013245033
999,Train,True,0.6705298013245033
1000,Train,True,0.6705298013245033
1001,Train,True,0.6705298013245033
1002,Test,True,0.6705298013245033
1003,Test,True,0.6705298013245033
1004,Train,True,0.6705298013245033
1005,Train,True,0.6705298013245033
1006,Train,True,0.6705298013245033
1007,Train,True,0.6705298013245033
1008,Train,True,0.6705298013245033
1009,Test,True,0.6705298013245033
1010,Train,False,0.6705298013245033
1011,Train,False,0.6705298013245033
1012,Test,False,0.6705298013245033
1013,Train,False,0.6705298013245033
1014,Train,False,0.6705298013245033
1015,Test,False,0.6705298013245033
1016,Train,False,0.6705298013245033
1017,Train,False,0.6705298013245033
1018,Test,False,0.6705298013245033
1019,Train,False,0.6705298013245033
1020,Train,False,0.6705298013245033
1021,Train,False,0.6705298013245033
1022,Test,False,0.6705298013245033
1023,Test,False,0.6705298013245033
1024,Train,False,0.6705298013245033
1025,Train,False,0.6705298013245033
1026,Train,False,0.6705298013245033
1027,Train,False,0.6705298013245033
1028,Train,False,0.6705298013245033
1029,Test,False,0.6705298013245033
1030,Test,False,0.6705298013245033
1031,Test,False,0.6705298013245033
1032,Train,False,0.6705298013245033
1033,Train,False,0.6705298013245033
1034,Train,False,0.6705298013245033
1035,Test,False,0.6705298013245033
1036,Train,False,0.6705298013245033
1037,Test,False,0.6705298013245033
1038,Test,False,0.6705298013245033
1039,Train,False,0.6705298013245033
1040,Train,False,0.6705298013245033
1041,Train,False,0.6705298013245033
1042,Test,False,0.6705298013245033
1043,Test,False,0.6705298013245033
1044,Train,False,0.6705298013245033
1045,Train,False,0.6705298013245033
1046,Test,False,0.6705298013245033
1047,Train,False,0.6705298013245033
1048,Train,False,0.6705298013245033
1049,Train,False,0.6705298013245033
1050,Train,False,0.6705298013245033
1051,Train,False,0.6705298013245033
1052,Train,False,0.6705298013245033
1053,Train,False,0.6705298013245033
1054,Train,False,0.6705298013245033
1055,Train,False,0.6705298013245033
1056,Train,False,0.6705298013245033
1057,Train,False,0.6705298013245033
1058,Train,False,0.6705298013245033
1059,Train,False,0.6705298013245033
1060,Train,False,0.6705298013245033
1061,Train,False,0.6705298013245033
1062,Train,False,0.6705298013245033
1063,Train,False,0.6705298013245033
1064,Train,False,0.6705298013245033
1065,Train,False,0.6705298013245033
1066,Test,False,0.6705298013245033
1067,Train,False,0.6705298013245033
1068,Test,False,0.6705298013245033
1069,Test,False,0.6705298013245033
1070,Train,False,0.6705298013245033
1071,Test,False,0.6705298013245033
1072,Train,False,0.6705298013245033
1073,Train,False,0.6705298013245033
1074,Train,False,0.6705298013245033
1075,Train,False,0.6705298013245033
1076,Train,False,0.6705298013245033
1077,Train,False,0.6705298013245033
1078,Test,False,0.6705298013245033
1079,Test,False,0.6705298013245033
1080,Test,False,0.6705298013245033
1081,Test,False,0.6705298013245033
1082,Train,False,0.6705298013245033
1083,Train,False,0.6705298013245033
1084,Test,False,0.6705298013245033
1085,Test,False,0.6705298013245033
1086,Test,False,0.6705298013245033
1087,Test,False,0.6705298013245033
1088,Test,False,0.6705298013245033
1089,Train,False,0.6705298013245033
1090,Train,False,0.6705298013245033
1091,Train,False,0.6705298013245033
1092,Train,False,0.6705298013245033
1093,Test,False,0.6705298013245033
1094,Train,False,0.6705298013245033
1095,Train,False,0.6705298013245033
1096,Train,False,0.6705298013245033
1097,Train,False,0.6705298013245033
1098,Test,False,0.6705298013245033
1099,Train,False,0.6705298013245033
1100,Train,False,0.6705298013245033
1101,Train,False,0.6705298013245033
1102,Test,False,0.6705298013245033
1103,Train,False,0.6705298013245033
1104,Train,False,0.6705298013245033
1105,Test,False,0.6705298013245033
1106,Test,False,0.6705298013245033
1107,Test,False,0.6705298013245033
1108,Test,False,0.6705298013245033
1109,Train,False,0.6705298013245033
1110,Train,False,0.6705298013245033
1111,Train,False,0.6705298013245033
1112,Train,False,0.6705298013245033
1113,Train,False,0.6705298013245033
1114,Train,False,0.6705298013245033
1115,Test,False,0.6705298013245033
1116,Train,False,0.6705298013245033
1117,Train,False,0.6705298013245033
1118,Test,False,0.6705298013245033
1119,Train,False,0.6705298013245033
1120,Test,False,0.6705298013245033
1121,Test,False,0.6705298013245033
1122,Train,False,0.6705298013245033
1123,Test,False,0.6705298013245033
1124,Train,False,0.6705298013245033
1125,Train,False,0.6705298013245033
1126,Train,False,0.6705298013245033
1127,Train,False,0.6705298013245033
1128,Train,False,0.6705298013245033
1129,Train,False,0.6705298013245033
1130,Train,False,0.6705298013245033
1131,Test,False,0.6705298013245033
1132,Train,False,0.6705298013245033
1133,Test,False,0.6705298013245033
1134,Train,False,0.6705298013245033
1135,Test,False,0.6705298013245033
1136,Test,False,0.6705298013245033
1137,Train,False,0.6705298013245033
1138,Train,False,0.6705298013245033
1139,Test,False,0.6705298013245033
1140,Test,False,0.6705298013245033
1141,Train,False,0.6705298013245033
1142,Train,False,0.6705298013245033
1143,Train,False,0.6705298013245033
1144,Test,False,0.6705298013245033
1145,Train,False,0.6705298013245033
1146,Test,False,0.6705298013245033
1147,Test,False,0.6705298013245033
1148,Train,False,0.6705298013245033
1149,Test,False,0.6705298013245033
1150,Train,False,0.6705298013245033
1151,Train,False,0.6705298013245033
1152,Train,False,0.6705298013245033
1153,Train,False,0.6705298013245033
1154,Train,False,0.6705298013245033
1155,Test,False,0.6705298013245033
1156,Test,True,0.6705298013245033
1157,Train,True,0.6705298013245033
1158,Train,True,0.6705298013245033
1159,Train,True,0.6705298013245033
1160,Test,True,0.6705298013245033
1161,Train,True,0.6705298013245033
1162,Train,True,0.6705298013245033
1163,Train,True,0.6705298013245033
1164,Train,True,0.6705298013245033
1165,Train,True,0.6705298013245033
1166,Train,True,0.6705298013245033
1167,Train,True,0.6705298013245033
1168,Train,True,0.6705298013245033
1169,Train,True,0.6705298013245033
1170,Test,True,0.6705298013245033
1171,Test,True,0.6705298013245033
1172,Test,True,0.6705298013245033
1173,Train,True,0.6705298013245033
1174,Test,True,0.6705298013245033
1175,Train,True,0.6705298013245033
1176,Train,True,0.6705298013245033
1177,Train,True,0.6705298013245033
1178,Test,True,0.6705298013245033
1179,Test,True,0.6705298013245033
1180,Train,True,0.6705298013245033
1181,Train,True,0.6705298013245033
1182,Train,True,0.6705298013245033
1183,Test,True,0.6705298013245033
1184,Test,True,0.6705298013245033
1185,Train,True,0.6705298013245033
1186,Test,True,0.6705298013245033
1187,Train,True,0.6705298013245033
1188,Train,True,0.6705298013245033
1189,Train,True,0.6705298013245033
1190,Train,True,0.6705298013245033
1191,Test,True,0.6705298013245033
1192,Test,True,0.6705298013245033
1193,Train,True,0.6705298013245033
1194,Train,True,0.6705298013245033
1195,Train,True,0.6705298013245033
1196,Train,True,0.6705298013245033
1197,Train,True,0.6705298013245033
1198,Train,True,0.6705298013245033
1199,Test,True,0.6705298013245033
1200,Test,True,0.6705298013245033
1201,Test,True,0.6705298013245033
1202,Test,True,0.6705298013245033
1203,Train,True,0.6705298013245033
1204,Test,True,0.6705298013245033
1205,Train,True,0.6705298013245033
1206,Train,True,0.6705298013245033
1207,Train,True,0.6705298013245033
1208,Train,True,0.6705298013245033
1209,Train,True,0.6705298013245033
1210,Train,True,0.6705298013245033
1211,Train,True,0.6705298013245033
1212,Train,True,0.6705298013245033
1213,Train,True,0.6705298013245033
1214,Train,True,0.6705298013245033
1215,Test,True,0.6705298013245033
1216,Test,True,0.6705298013245033
1217,Train,True,0.6705298013245033
1218,Train,True,0.6705298013245033
1219,Train,True,0.6705298013245033
1220,Test,True,0.6705298013245033
1221,Train,True,0.6705298013245033
1222,Train,True,0.6705298013245033
1223,Train,True,0.6705298013245033
1224,Test,True,0.6705298013245033
1225,Train,True,0.6705298013245033
1226,Train,True,0.6705298013245033
1227,Train,True,0.6705298013245033
1228,Train,True,0.6705298013245033
1229,Train,True,0.6705298013245033
1230,Train,True,0.6705298013245033
1231,Train,True,0.6705298013245033
1232,Train,True,0.6705298013245033
1233,Train,True,0.6705298013245033
1234,Train,True,0.6705298013245033
1235,Train,True,0.6705298013245033
1236,Test,True,0.6705298013245033
1237,Train,True,0.6705298013245033
1238,Train,True,0.6705298013245033
1239,Train,True,0.6705298013245033
1240,Test,True,0.6705298013245033
1241,Train,True,0.6705298013245033
1242,Train,True,0.6705298013245033
1243,Train,True,0.6705298013245033
1244,Test,True,0.6705298013245033
1245,Train,True,0.6705298013245033
1246,Train,True,0.6705298013245033
1247,Train,True,0.6705298013245033
1248,Test,True,0.6705298013245033
1249,Train,True,0.6705298013245033
1250,Train,True,0.6705298013245033
1251,Test,True,0.6705298013245033
1252,Train,True,0.6705298013245033
1253,Train,True,0.6705298013245033
1254,Train,True,0.6705298013245033
1255,Train,True,0.6705298013245033
1256,Train,True,0.6705298013245033
1257,Train,True,0.6705298013245033
1258,Train,True,0.6705298013245033
1259,Train,True,0.6705298013245033
1260,Train,True,0.6705298013245033
1261,Train,True,0.6705298013245033
1262,Test,False,0.6705298013245033
1263,Train,False,0.6705298013245033
1264,Test,False,0.6705298013245033
1265,Test,False,0.6705298013245033
1266,Train,False,0.6705298013245033
1267,Test,False,0.6705298013245033
1268,Test,False,0.6705298013245033
1269,Train,False,0.6705298013245033
1270,Train,False,0.6705298013245033
1271,Test,False,0.6705298013245033
1272,Train,False,0.6705298013245033
1273,Test,False,0.6705298013245033
1274,Train,False,0.6705298013245033
1275,Test,False,0.6705298013245033
1276,Test,False,0.6705298013245033
1277,Test,False,0.6705298013245033
1278,Train,False,0.6705298013245033
1279,Train,False,0.6705298013245033
1280,Train,False,0.6705298013245033
1281,Test,False,0.6705298013245033
1282,Train,False,0.6705298013245033
1283,Test,False,0.6705298013245033
1284,Train,False,0.6705298013245033
1285,Train,False,0.6705298013245033
1286,Train,False,0.6705298013245033
1287,Train,False,0.6705298013245033
1288,Train,False,0.6705298013245033
1289,Test,False,0.6705298013245033
1290,Test,False,0.6705298013245033
1291,Train,False,0.6705298013245033
1292,Test,False,0.6705298013245033
1293,Test,False,0.6705298013245033
1294,Train,False,0.6705298013245033
1295,Train,False,0.6705298013245033
1296,Train,False,0.6705298013245033
1297,Train,False,0.6705298013245033
1298,Test,False,0.6705298013245033
1299,Test,False,0.6705298013245033
1300,Test,False,0.6705298013245033
1301,Train,False,0.6705298013245033
1302,Train,False,0.6705298013245033
1303,Train,False,0.6705298013245033
1304,Train,False,0.6705298013245033
1305,Test,False,0.6705298013245033
1306,Train,False,0.6705298013245033
1307,Train,False,0.6705298013245033
1308,Test,False,0.6705298013245033
1309,Train,False,0.6705298013245033
1310,Train,False,0.6705298013245033
1311,Test,False,0.6705298013245033
1312,Test,False,0.6705298013245033
1313,Train,False,0.6705298013245033
1314,Train,False,0.6705298013245033
1315,Test,False,0.6705298013245033
1316,Train,False,0.6705298013245033
1317,Train,False,0.6705298013245033
1318,Train,False,0.6705298013245033
1319,Train,False,0.6705298013245033
1320,Train,False,0.6705298013245033
1321,Train,False,0.6705298013245033
1322,Test,False,0.6705298013245033
1323,Train,False,0.6705298013245033
1324,Train,False,0.6705298013245033
1325,Train,False,0.6705298013245033
1326,Test,False,0.6705298013245033
1327,Train,False,0.6705298013245033
1328,Train,False,0.6705298013245033
1329,Train,False,0.6705298013245033
1330,Train,False,0.6705298013245033
1331,Train,False,0.6705298013245033
1332,Test,False,0.6705298013245033
1333,Test,False,0.6705298013245033
1334,Train,False,0.6705298013245033
1335,Train,False,0.6705298013245033
1336,Train,False,0.6705298013245033
1337,Train,False,0.6705298013245033
1338,Train,False,0.6705298013245033
1339,Train,False,0.6705298013245033
1340,Test,False,0.6705298013245033
1341,Train,False,0.6705298013245033
1342,Train,False,0.6705298013245033
1343,Train,False,0.6705298013245033
1344,Train,False,0.6705298013245033
1345,Train,False,0.6705298013245033
1346,Train,False,0.6705298013245033
1347,Test,False,0.6705298013245033
1348,Train,False,0.6705298013245033
1349,Train,False,0.6705298013245033
1350,Train,False,0.6705298013245033
1351,Train,False,0.6705298013245033
1352,Train,False,0.6705298013245033
1353,Train,False,0.6705298013245033
1354,Test,False,0.6705298013245033
1355,Test,False,0.6705298013245033
1356,Train,False,0.6705298013245033
1357,Test,False,0.6705298013245033
1358,Test,False,0.6705298013245033
1359,Train,False,0.6705298013245033
1360,Test,False,0.6705298013245033
1361,Train,False,0.6705298013245033
1362,Train,False,0.6705298013245033
1363,Test,False,0.6705298013245033
1364,Train,False,0.6705298013245033
1365,Train,False,0.6705298013245033
1366,Train,False,0.6705298013245033
1367,Train,False,0.6705298013245033
1368,Train,False,0.6705298013245033
1369,Train,False,0.6705298013245033
1370,Train,False,0.6705298013245033
1371,Train,False,0.6705298013245033
1372,Test,False,0.6705298013245033
1373,Train,False,0.6705298013245033
1374,Train,False,0.6705298013245033
1375,Train,False,0.6705298013245033
1376,Train,False,0.6705298013245033
1377,Train,False,0.6705298013245033
1378,Train,False,0.6705298013245033
1379,Train,False,0.6705298013245033
1380,Test,False,0.6705298013245033
1381,Test,False,0.6705298013245033
1382,Train,False,0.6705298013245033
1383,Train,False,0.6705298013245033
1384,Train,False,0.6705298013245033
1385,Train,False,0.6705298013245033
1386,Train,False,0.6705298013245033
1387,Test,False,0.6705298013245033
1388,Train,False,0.6705298013245033
1389,Train,False,0.6705298013245033
1390,Train,False,0.6705298013245033
1391,Train,False,0.6705298013245033
1392,Train,False,0.6705298013245033
1393,Train,False,0.6705298013245033
1394,Test,False,0.6705298013245033
1395,Test,False,0.6705298013245033
1396,Train,False,0.6705298013245033
1397,Test,False,0.6705298013245033
1398,Train,False,0.6705298013245033
1399,Train,False,0.6705298013245033
1400,Train,False,0.6705298013245033
1401,Train,False,0.6705298013245033
1402,Train,False,0.6705298013245033
1403,Train,False,0.6705298013245033
1404,Train,False,0.6705298013245033
1405,Train,False,0.6705298013245033
1406,Train,True,0.6705298013245033
1407,Test,True,0.6705298013245033
1408,Test,True,0.6705298013245033
1409,Test,True,0.6705298013245033
1410,Train,True,0.6705298013245033
1411,Test,True,0.6705298013245033
1412,Train,True,0.6705298013245033
1413,Test,True,0.6705298013245033
1414,Train,True,0.6705298013245033
1415,Train,True,0.6705298013245033
1416,Test,True,0.6705298013245033
1417,Test,True,0.6705298013245033
1418,Train,True,0.6705298013245033
1419,Train,True,0.6705298013245033
1420,Test,True,0.6705298013245033
1421,Train,True,0.6705298013245033
1422,Train,True,0.6705298013245033
1423,Train,True,0.6705298013245033
1424,Test,True,0.6705298013245033
1425,Test,True,0.6705298013245033
1426,Test,True,0.6705298013245033
1427,Test,True,0.6705298013245033
1428,Train,True,0.6705298013245033
1429,Train,True,0.6705298013245033
1430,Train,True,0.6705298013245033
1431,Test,True,0.6705298013245033
1432,Train,True,0.6705298013245033
1433,Test,True,0.6705298013245033
1434,Train,True,0.6705298013245033
1435,Train,True,0.6705298013245033
1436,Train,True,0.6705298013245033
1437,Train,True,0.6705298013245033
1438,Train,True,0.6705298013245033
1439,Train,True,0.6705298013245033
1440,Train,True,0.6705298013245033
1441,Train,True,0.6705298013245033
1442,Train,True,0.6705298013245033
1443,Train,True,0.6705298013245033
1444,Train,True,0.6705298013245033
1445,Test,True,0.6705298013245033
1446,Test,True,0.6705298013245033
1447,Train,True,0.6705298013245033
1448,Train,True,0.6705298013245033
1449,Train,True,0.6705298013245033
1450,Train,True,0.6705298013245033
1451,Test,True,0.6705298013245033
1452,Train,True,0.6705298013245033
1453,Train,True,0.6705298013245033
1454,Train,True,0.6705298013245033
1455,Train,True,0.6705298013245033
1456,Test,True,0.6705298013245033
1457,Test,True,0.6705298013245033
1458,Test,True,0.6705298013245033
1459,Test,True,0.6705298013245033
1460,Train,True,0.6705298013245033
1461,Train,True,0.6705298013245033
1462,Test,True,0.6705298013245033
1463,Train,True,0.6705298013245033
1464,Train,True,0.6705298013245033
1465,Test,True,0.6705298013245033
1466,Test,True,0.6705298013245033
1467,Test,True,0.6705298013245033
1468,Train,True,0.6705298013245033
1469,Test,True,0.6705298013245033
1470,Train,True,0.6705298013245033
1471,Train,True,0.6705298013245033
1472,Train,True,0.6705298013245033
1473,Train,True,0.6705298013245033
1474,Train,True,0.6705298013245033
1475,Test,True,0.6705298013245033
1476,Train,True,0.6705298013245033
1477,Train,True,0.6705298013245033
1478,Test,True,0.6705298013245033
1479,Test,True,0.6705298013245033
1480,Train,True,0.6705298013245033
1481,Train,True,0.6705298013245033
1482,Train,True,0.6705298013245033
1483,Test,True,0.6705298013245033
1484,Train,True,0.6705298013245033
1485,Train,True,0.6705298013245033
1486,Train,True,0.6705298013245033
1487,Train,True,0.6705298013245033
1488,Train,True,0.6705298013245033
1489,Train,True,0.6705298013245033
1490,Test,True,0.6705298013245033
1491,Test,True,0.6705298013245033
1492,Test,True,0.6705298013245033
1493,Test,True,0.6705298013245033
1494,Test,True,0.6705298013245033
1495,Train,True,0.6705298013245033
1496,Train,True,0.6705298013245033
1497,Train,True,0.6705298013245033
1498,Test,True,0.6705298013245033
1499,Train,True,0.6705298013245033
1500,Train,True,0.6705298013245033
1501,Train,True,0.6705298013245033
1502,Train,True,0.6705298013245033
1503,Test,True,0.6705298013245033
1504,Train,True,0.6705298013245033
1505,Train,True,0.6705298013245033
1506,Train,True,0.6705298013245033
1507,Train,True,0.6705298013245033
1508,Train,True,0.6705298013245033
1509,Test,True,0.6705298013245033
1510,Train,True,0.6705298013245033
1511,Test,True,0.6705298013245033
1512,Train,True,0.6705298013245033
1513,Test,True,0.6705298013245033
1514,Train,False,0.6705298013245033
1515,Train,False,0.6705298013245033
1516,Test,False,0.6705298013245033
1517,Test,False,0.6705298013245033
1518,Train,False,0.6705298013245033
1519,Train,False,0.6705298013245033
1520,Train,False,0.6705298013245033
1521,Train,False,0.6705298013245033
1522,Train,False,0.6705298013245033
1523,Train,False,0.6705298013245033
1524,Train,False,0.6705298013245033
1525,Train,False,0.6705298013245033
1526,Train,False,0.6705298013245033
1527,Train,False,0.6705298013245033
1528,Train,False,0.6705298013245033
1529,Train,False,0.6705298013245033
1530,Train,False,0.6705298013245033
1531,Train,False,0.6705298013245033
1532,Test,False,0.6705298013245033
1533,Train,False,0.6705298013245033
1534,Train,False,0.6705298013245033
1535,Train,False,0.6705298013245033
1536,Train,False,0.6705298013245033
1537,Train,False,0.6705298013245033
1538,Train,False,0.6705298013245033
1539,Train,False,0.6705298013245033
1540,Test,False,0.6705298013245033
1541,Train,False,0.6705298013245033
1542,Train,False,0.6705298013245033
1543,Train,False,0.6705298013245033
1544,Test,False,0.6705298013245033
1545,Test,False,0.6705298013245033
1546,Test,False,0.6705298013245033
1547,Test,False,0.6705298013245033
1548,Train,False,0.6705298013245033
1549,Train,False,0.6705298013245033
1550,Train,False,0.6705298013245033
1551,Train,False,0.6705298013245033
1552,Train,False,0.6705298013245033
1553,Train,False,0.6705298013245033
1554,Train,False,0.6705298013245033
1555,Test,False,0.6705298013245033
1556,Train,False,0.6705298013245033
1557,Train,False,0.6705298013245033
1558,Train,False,0.6705298013245033
1559,Train,False,0.6705298013245033
1560,Train,False,0.6705298013245033
1561,Train,False,0.6705298013245033
1562,Train,False,0.6705298013245033
1563,Train,False,0.6705298013245033
1564,Train,False,0.6705298013245033
1565,Train,False,0.6705298013245033
1566,Train,False,0.6705298013245033
1567,Train,False,0.6705298013245033
1568,Train,False,0.6705298013245033
1569,Train,False,0.6705298013245033
1570,Train,False,0.6705298013245033
1571,Test,False,0.6705298013245033
1572,Test,False,0.6705298013245033
1573,Train,False,0.6705298013245033
1574,Train,False,0.6705298013245033
1575,Train,False,0.6705298013245033
1576,Train,False,0.6705298013245033
1577,Train,False,0.6705298013245033
1578,Train,False,0.6705298013245033
1579,Train,False,0.6705298013245033
1580,Train,False,0.6705298013245033
1581,Train,False,0.6705298013245033
1582,Train,False,0.6705298013245033
1583,Test,False,0.6705298013245033
1584,Test,False,0.6705298013245033
1585,Test,False,0.6705298013245033
1586,Train,False,0.6705298013245033
1587,Train,False,0.6705298013245033
1588,Train,False,0.6705298013245033
1589,Train,False,0.6705298013245033
1590,Train,False,0.6705298013245033
1591,Train,False,0.6705298013245033
1592,Test,False,0.6705298013245033
1593,Test,False,0.6705298013245033
1594,Test,False,0.6705298013245033
1595,Train,False,0.6705298013245033
1596,Train,False,0.6705298013245033
1597,Train,False,0.6705298013245033
1598,Test,False,0.6705298013245033
1599,Test,False,0.6705298013245033
1600,Train,False,0.6705298013245033
1601,Test,False,0.6705298013245033
1602,Test,False,0.6705298013245033
1603,Train,False,0.6705298013245033
1604,Train,False,0.6705298013245033
1605,Train,False,0.6705298013245033
1606,Train,False,0.6705298013245033
1607,Test,False,0.6705298013245033
1608,Train,False,0.6705298013245033
1609,Train,False,0.6705298013245033
1610,Train,False,0.6705298013245033
1611,Train,False,0.6705298013245033
1612,Test,False,0.6705298013245033
1613,Train,False,0.6705298013245033
1614,Train,False,0.6705298013245033
1615,Test,False,0.6705298013245033
1616,Test,False,0.6705298013245033
1617,Train,False,0.6705298013245033
1618,Train,False,0.6705298013245033
1619,Test,False,0.6705298013245033
1620,Train,False,0.6705298013245033
1621,Train,False,0.6705298013245033
1622,Train,False,0.6705298013245033
1623,Test,False,0.6705298013245033
1624,Test,False,0.6705298013245033
1625,Train,False,0.6705298013245033
1626,Test,False,0.6705298013245033
1627,Train,False,0.6705298013245033
1628,Train,False,0.6705298013245033
1629,Train,False,0.6705298013245033
1630,Train,False,0.6705298013245033
1631,Train,False,0.6705298013245033
1632,Test,False,0.6705298013245033
1633,Train,False,0.6705298013245033
1634,Train,False,0.6705298013245033
1635,Train,False,0.6705298013245033
1636,Train,False,0.6705298013245033
1637,Train,False,0.6705298013245033
1638,Train,False,0.6705298013245033
1639,Train,False,0.6705298013245033
1640,Test,False,0.6705298013245033
1641,Test,False,0.6705298013245033
1642,Test,False,0.6705298013245033
1643,Train,False,0.6705298013245033
1644,Train,False,0.6705298013245033
1645,Test,False,0.6705298013245033
1646,Test,False,0.6705298013245033
1647,Test,False,0.6705298013245033
1648,Test,False,0.6705298013245033
1649,Train,False,0.6705298013245033
1650,Test,False,0.6705298013245033
1651,Train,False,0.6705298013245033
1652,Train,False,0.6705298013245033
1653,Train,False,0.6705298013245033
1654,Test,False,0.6705298013245033
1655,Train,False,0.6705298013245033
1656,Train,False,0.6705298013245033
1657,Train,False,0.6705298013245033
1658,Train,False,0.6705298013245033
1659,Train,True,0.6705298013245033
1660,Test,True,0.6705298013245033
1661,Test,True,0.6705298013245033
1662,Train,True,0.6705298013245033
1663,Train,True,0.6705298013245033
1664,Test,True,0.6705298013245033
1665,Train,True,0.6705298013245033
1666,Train,True,0.6705298013245033
1667,Train,True,0.6705298013245033
1668,Train,True,0.6705298013245033
1669,Train,True,0.6705298013245033
1670,Test,True,0.6705298013245033
1671,Train,True,0.6705298013245033
1672,Train,True,0.6705298013245033
1673,Train,True,0.6705298013245033
1674,Test,True,0.6705298013245033
1675,Train,True,0.6705298013245033
1676,Train,True,0.6705298013245033
1677,Test,True,0.6705298013245033
1678,Test,True,0.6705298013245033
1679,Train,True,0.6705298013245033
1680,Train,True,0.6705298013245033
1681,Train,True,0.6705298013245033
1682,Train,True,0.6705298013245033
1683,Test,True,0.6705298013245033
1684,Train,True,0.6705298013245033
1685,Train,True,0.6705298013245033
1686,Test,True,0.6705298013245033
1687,Train,True,0.6705298013245033
1688,Train,True,0.6705298013245033
1689,Test,True,0.6705298013245033
1690,Train,True,0.6705298013245033
1691,Train,True,0.6705298013245033
1692,Test,True,0.6705298013245033
1693,Train,True,0.6705298013245033
1694,Train,True,0.6705298013245033
1695,Test,True,0.6705298013245033
1696,Train,True,0.6705298013245033
1697,Train,True,0.6705298013245033
1698,Train,True,0.6705298013245033
1699,Train,True,0.6705298013245033
1700,Train,True,0.6705298013245033
1701,Train,True,0.6705298013245033
1702,Test,True,0.6705298013245033
1703,Train,True,0.6705298013245033
1704,Train,True,0.6705298013245033
1705,Train,True,0.6705298013245033
1706,Train,True,0.6705298013245033
1707,Test,True,0.6705298013245033
1708,Test,True,0.6705298013245033
1709,Test,True,0.6705298013245033
1710,Train,True,0.6705298013245033
1711,Train,True,0.6705298013245033
1712,Test,True,0.6705298013245033
1713,Train,True,0.6705298013245033
1714,Train,True,0.6705298013245033
1715,Train,True,0.6705298013245033
1716,Train,True,0.6705298013245033
1717,Train,True,0.6705298013245033
1718,Train,True,0.6705298013245033
1719,Train,True,0.6705298013245033
1720,Train,True,0.6705298013245033
1721,Train,True,0.6705298013245033
1722,Test,True,0.6705298013245033
1723,Test,True,0.6705298013245033
1724,Train,True,0.6705298013245033
1725,Train,True,0.6705298013245033
1726,Train,True,0.6705298013245033
1727,Train,True,0.6705298013245033
1728,Train,True,0.6705298013245033
1729,Train,True,0.6705298013245033
1730,Train,True,0.6705298013245033
1731,Train,True,0.6705298013245033
1732,Test,True,0.6705298013245033
1733,Train,True,0.6705298013245033
1734,Test,True,0.6705298013245033
1735,Train,True,0.6705298013245033
1736,Train,True,0.6705298013245033
1737,Test,True,0.6705298013245033
1738,Train,True,0.6705298013245033
1739,Train,True,0.6705298013245033
1740,Train,True,0.6705298013245033
1741,Train,True,0.6705298013245033
1742,Test,True,0.6705298013245033
1743,Train,True,0.6705298013245033
1744,Train,True,0.6705298013245033
1745,Train,True,0.6705298013245033
1746,Train,True,0.6705298013245033
1747,Train,True,0.6705298013245033
1748,Train,True,0.6705298013245033
1749,Test,True,0.6705298013245033
1750,Train,True,0.6705298013245033
1751,Test,True,0.6705298013245033
1752,Train,True,0.6705298013245033
1753,Train,True,0.6705298013245033
1754,Train,True,0.6705298013245033
1755,Train,True,0.6705298013245033
1756,Test,True,0.6705298013245033
1757,Train,True,0.6705298013245033
1758,Train,True,0.6705298013245033
1759,Test,True,0.6705298013245033
1760,Train,False,0.6705298013245033
1761,Train,False,0.6705298013245033
1762,Train,False,0.6705298013245033
1763,Test,False,0.6705298013245033
1764,Test,False,0.6705298013245033
1765,Train,False,0.6705298013245033
1766,Test,False,0.6705298013245033
1767,Train,False,0.6705298013245033
1768,Train,False,0.6705298013245033
1769,Train,False,0.6705298013245033
1770,Train,False,0.6705298013245033
1771,Train,False,0.6705298013245033
1772,Test,False,0.6705298013245033
1773,Train,False,0.6705298013245033
1774,Train,False,0.6705298013245033
1775,Test,False,0.6705298013245033
1776,Test,False,0.6705298013245033
1777,Train,False,0.6705298013245033
1778,Train,False,0.6705298013245033
1779,Test,False,0.6705298013245033
1780,Train,False,0.6705298013245033
1781,Test,False,0.6705298013245033
1782,Train,False,0.6705298013245033
1783,Train,False,0.6705298013245033
1784,Train,False,0.6705298013245033
1785,Train,False,0.6705298013245033
1786,Train,False,0.6705298013245033
1787,Test,False,0.6705298013245033
1788,Train,False,0.6705298013245033
1789,Test,False,0.6705298013245033
1790,Test,False,0.6705298013245033
1791,Train,False,0.6705298013245033
1792,Test,False,0.6705298013245033
1793,Train,False,0.6705298013245033
1794,Train,False,0.6705298013245033
1795,Train,False,0.6705298013245033
1796,Test,False,0.6705298013245033
1797,Train,False,0.6705298013245033
1798,Test,False,0.6705298013245033
1799,Train,False,0.6705298013245033
1800,Train,False,0.6705298013245033
1801,Test,False,0.6705298013245033
1802,Train,False,0.6705298013245033
1803,Train,False,0.6705298013245033
1804,Train,False,0.6705298013245033
1805,Train,False,0.6705298013245033
1806,Test,False,0.6705298013245033
1807,Train,False,0.6705298013245033
1808,Train,False,0.6705298013245033
1809,Test,False,0.6705298013245033
1810,Test,False,0.6705298013245033
1811,Test,False,0.6705298013245033
1812,Train,False,0.6705298013245033
1813,Train,False,0.6705298013245033
1814,Train,False,0.6705298013245033
1815,Train,False,0.6705298013245033
1816,Train,False,0.6705298013245033
1817,Train,False,0.6705298013245033
1818,Train,False,0.6705298013245033
1819,Train,False,0.6705298013245033
1820,Train,False,0.6705298013245033
1821,Test,False,0.6705298013245033
1822,Train,False,0.6705298013245033
1823,Train,False,0.6705298013245033
1824,Train,False,0.6705298013245033
1825,Train,False,0.6705298013245033
1826,Test,False,0.6705298013245033
1827,Train,False,0.6705298013245033
1828,Train,False,0.6705298013245033
1829,Train,False,0.6705298013245033
1830,Test,False,0.6705298013245033
1831,Test,False,0.6705298013245033
1832,Test,False,0.6705298013245033
1833,Test,False,0.6705298013245033
1834,Train,False,0.6705298013245033
1835,Train,False,0.6705298013245033
1836,Train,False,0.6705298013245033
1837,Train,False,0.6705298013245033
1838,Train,False,0.6705298013245033
1839,Train,False,0.6705298013245033
1840,Test,False,0.6705298013245033
1841,Train,False,0.6705298013245033
1842,Train,False,0.6705298013245033
1843,Train,False,0.6705298013245033
1844,Test,False,0.6705298013245033
1845,Train,False,0.6705298013245033
1846,Train,False,0.6705298013245033
1847,Train,False,0.6705298013245033
1848,Train,False,0.6705298013245033
1849,Train,False,0.6705298013245033
1850,Train,False,0.6705298013245033
1851,Train,False,0.6705298013245033
1852,Train,False,0.6705298013245033
1853,Test,False,0.6705298013245033
1854,Test,False,0.6705298013245033
1855,Test,False,0.6705298013245033
1856,Test,False,0.6705298013245033
1857,Train,False,0.6705298013245033
1858,Train,False,0.6705298013245033
1859,Train,False,0.6705298013245033
1860,Train,False,0.6705298013245033
1861,Train,False,0.6705298013245033
1862,Train,False,0.6705298013245033
1863,Train,False,0.6705298013245033
1864,Train,False,0.6705298013245033
1865,Train,False,0.6705298013245033
1866,Train,False,0.6705298013245033
1867,Test,False,0.6705298013245033
1868,Train,False,0.6705298013245033
1869,Test,False,0.6705298013245033
1870,Train,False,0.6705298013245033
1871,Train,False,0.6705298013245033
1872,Train,False,0.6705298013245033
1873,Test,False,0.6705298013245033
1874,Train,False,0.6705298013245033
1875,Test,False,0.6705298013245033
1876,Train,False,0.6705298013245033
1877,Train,False,0.6705298013245033
1878,Train,False,0.6705298013245033
1879,Test,False,0.6705298013245033
1880,Train,False,0.6705298013245033
1881,Train,False,0.6705298013245033
1882,Train,False,0.6705298013245033
1883,Test,False,0.6705298013245033
1884,Train,False,0.6705298013245033
1885,Train,False,0.6705298013245033
1886,Test,False,0.6705298013245033
1887,Test,False,0.6705298013245033
1888,Train,False,0.6705298013245033
1889,Train,False,0.6705298013245033
1890,Train,False,0.6705298013245033
1891,Train,False,0.6705298013245033
1892,Train,False,0.6705298013245033
1893,Train,False,0.6705298013245033
1894,Train,False,0.6705298013245033
1895,Train,False,0.6705298013245033
1896,Train,False,0.6705298013245033
1897,Train,False,0.6705298013245033
1898,Train,False,0.6705298013245033
1899,Train,False,0.6705298013245033
1900,Train,False,0.6705298013245033
1901,Train,False,0.6705298013245033
1902,Test,False,0.6705298013245033
1903,Train,False,0.6705298013245033
1904,Train,False,0.6705298013245033
1905,Train,False,0.6705298013245033
1906,Train,False,0.6705298013245033
1907,Train,False,0.6705298013245033
1908,Train,False,0.6705298013245033
1909,Train,False,0.6705298013245033
1910,Train,True,0.6705298013245033
1911,Test,True,0.6705298013245033
1912,Train,True,0.6705298013245033
1913,Test,True,0.6705298013245033
1914,Test,True,0.6705298013245033
1915,Test,True,0.6705298013245033
1916,Test,True,0.6705298013245033
1917,Train,True,0.6705298013245033
1918,Test,True,0.6705298013245033
1919,Test,True,0.6705298013245033
1920,Test,True,0.6705298013245033
1921,Train,True,0.6705298013245033
1922,Test,True,0.6705298013245033
1923,Train,True,0.6705298013245033
1924,Train,True,0.6705298013245033
1925,Test,True,0.6705298013245033
1926,Train,True,0.6705298013245033
1927,Train,True,0.6705298013245033
1928,Train,True,0.6705298013245033
1929,Train,True,0.6705298013245033
1930,Train,True,0.6705298013245033
1931,Train,True,0.6705298013245033
1932,Test,True,0.6705298013245033
1933,Test,True,0.6705298013245033
1934,Train,True,0.6705298013245033
1935,Train,True,0.6705298013245033
1936,Train,True,0.6705298013245033
1937,Train,True,0.6705298013245033
1938,Test,True,0.6705298013245033
1939,Train,True,0.6705298013245033
1940,Train,True,0.6705298013245033
1941,Test,True,0.6705298013245033
1942,Train,True,0.6705298013245033
1943,Test,True,0.6705298013245033
1944,Test,True,0.6705298013245033
1945,Train,True,0.6705298013245033
1946,Train,True,0.6705298013245033
1947,Train,True,0.6705298013245033
1948,Train,True,0.6705298013245033
1949,Test,True,0.6705298013245033
1950,Train,True,0.6705298013245033
1951,Train,True,0.6705298013245033
1952,Train,True,0.6705298013245033
1953,Test,True,0.6705298013245033
1954,Train,True,0.6705298013245033
1955,Train,True,0.6705298013245033
1956,Test,True,0.6705298013245033
1957,Train,True,0.6705298013245033
1958,Train,True,0.6705298013245033
1959,Train,True,0.6705298013245033
1960,Train,True,0.6705298013245033
1961,Train,True,0.6705298013245033
1962,Train,True,0.6705298013245033
1963,Train,True,0.6705298013245033
1964,Train,True,0.6705298013245033
1965,Train,True,0.6705298013245033
1966,Train,True,0.6705298013245033
1967,Test,True,0.6705298013245033
1968,Test,True,0.6705298013245033
1969,Train,True,0.6705298013245033
1970,Train,True,0.6705298013245033
1971,Test,True,0.6705298013245033
1972,Train,True,0.6705298013245033
1973,Train,True,0.6705298013245033
1974,Test,True,0.6705298013245033
1975,Train,True,0.6705298013245033
1976,Train,True,0.6705298013245033
1977,Train,True,0.6705298013245033
1978,Train,True,0.6705298013245033
1979,Train,True,0.6705298013245033
1980,Train,True,0.6705298013245033
1981,Train,True,0.6705298013245033
1982,Test,True,0.6705298013245033
1983,Train,True,0.6705298013245033
1984,Train,True,0.6705298013245033
1985,Train,True,0.6705298013245033
1986,Train,True,0.6705298013245033
1987,Train,True,0.6705298013245033
1988,Train,True,0.6705298013245033
1989,Test,True,0.6705298013245033
1990,Test,True,0.6705298013245033
1991,Test,True,0.6705298013245033
1992,Test,True,0.6705298013245033
1993,Test,True,0.6705298013245033
1994,Train,True,0.6705298013245033
1995,Train,True,0.6705298013245033
1996,Test,True,0.6705298013245033
1997,Test,True,0.6705298013245033
1998,Test,True,0.6705298013245033
1999,Test,True,0.6705298013245033
2000,Train,True,0.6705298013245033
2001,Train,True,0.6705298013245033
2002,Test,True,0.6705298013245033
2003,Test,True,0.6705298013245033
2004,Train,True,0.6705298013245033
2005,Train,True,0.6705298013245033
2006,Test,True,0.6705298013245033
2007,Train,True,0.6705298013245033
2008,Test,True,0.6705298013245033
2009,Train,True,0.6705298013245033
2010,Train,True,0.6705298013245033
