,keras,sequential
1011,0.22316495,0.15940616
3095,0.36025375,0.52294886
2950,0.22558534,0.3069623
2706,0.3155635,0.20947784
1171,0.49887323,0.5259379
3116,0.52192175,0.71586597
2508,0.1690602,0.2394084
1744,0.5123324,0.45088536
1515,0.59666455,0.7527158
2367,0.4674737,0.51459014
1058,0.46014827,0.40961567
591,0.47051197,0.44549638
2341,0.734705,0.8648617
834,0.09504825,0.08082992
760,0.43025205,0.44561446
367,0.31764233,0.4101765
1274,0.28342766,0.2761866
3214,0.77455676,0.9241733
1964,0.4863409,0.45922515
1161,0.50922906,0.8122333
2275,0.6464303,0.81968224
3233,0.8755189,0.9828147
193,0.25911516,0.42775726
944,0.50723255,0.47292116
1752,0.30261612,0.2642448
2915,0.51701367,0.36611527
860,0.22485474,0.2104766
2252,0.36258468,0.304107
1142,0.6594739,0.658055
1410,0.42777362,0.29955184
2797,0.46379173,0.3988134
1581,0.4769591,0.42980683
1051,0.42317513,0.23745394
1685,0.16014749,0.21961018
2147,0.24606243,0.17743963
3202,0.5518403,0.6968372
628,0.6464441,0.5294588
863,0.29822624,0.36452538
2426,0.34329963,0.24069643
113,0.14971986,0.09237045
2893,0.21408767,0.19774461
728,0.59018743,0.7072657
2061,0.85733354,0.87456775
1120,0.48122752,0.4490955
1577,0.52053404,0.6095996
736,0.5731323,0.51911294
182,0.4500385,0.47811273
71,0.25798523,0.513773
529,0.15166005,0.12659636
2083,0.14398909,0.12179166
2002,0.6002219,0.6279569
1767,0.14507502,0.29885966
2339,0.40305245,0.38315338
1242,0.42757678,0.53972185
2827,0.46700668,0.71503544
174,0.19415215,0.1870983
1391,0.30738086,0.26065242
1973,0.7153729,0.73087573
612,0.12619957,0.14504945
1511,0.4192475,0.43534037
677,0.18778226,0.1122399
3176,0.9365005,0.9822326
785,0.44470236,0.5545552
2414,0.60982007,0.7998003
355,0.46484062,0.47204685
2894,0.6273431,0.56590474
2631,0.24849814,0.23914713
2506,0.3255002,0.29530182
2919,0.3062355,0.2744227
1947,0.62067723,0.5015935
265,0.4185912,0.36463147
3196,0.5981082,0.6041268
2795,0.5318723,0.6727154
2759,0.40418315,0.40049595
2619,0.21199465,0.18849605
1684,0.08786276,0.15508354
1702,0.3265211,0.4548581
583,0.50034094,0.39828837
1559,0.45704082,0.50525624
2131,0.33129793,0.44421318
3016,0.27923033,0.5265661
485,0.15361288,0.11086655
2528,0.4984,0.38964233
2969,0.21000466,0.28868875
1886,0.061267465,0.09488112
872,0.37893203,0.38627374
309,0.21075031,0.20060003
2968,0.07097533,0.08384091
2326,0.41460514,0.45729387
2220,0.5885999,0.4997885
522,0.34952587,0.31688124
935,0.10242903,0.06792542
2841,0.554359,0.5233956
2556,0.26136,0.2656144
288,0.5626811,0.6164444
452,0.44721705,0.41527045
2286,0.57484835,0.52952063
190,0.37269437,0.31909359
3108,0.25531858,0.12691322
169,0.19863716,0.58775014
1296,0.13339245,0.109460056
3136,0.55901015,0.6088622
1067,0.33067757,0.4251142
667,0.28767538,0.27074632
1326,0.59748584,0.44832155
557,0.101340234,0.044745535
3269,0.95673156,0.9976282
2307,0.9109907,0.98616636
2672,0.31712866,0.1883212
3075,0.4709375,0.50194895
465,0.20344242,0.22202438
2259,0.50208163,0.4494832
1977,0.3190698,0.31825763
2022,0.50017214,0.53442156
2415,0.44606525,0.48193675
460,0.43434498,0.4564397
584,0.3826943,0.27672058
1442,0.25971603,0.2871078
266,0.29013884,0.21324003
102,0.4941759,0.54583365
445,0.22733665,0.28971934
2733,0.6265515,0.65525126
822,0.36557847,0.25672877
2826,0.67668104,0.8089056
258,0.7129464,0.8774015
2119,0.30894113,0.070533335
2031,0.72664773,0.7367943
2642,0.27521452,0.33643514
1402,0.3396356,0.33380657
2253,0.18270507,0.39311022
1050,0.18375221,0.12151083
2773,0.17755744,0.35879004
2081,0.1803346,0.22837326
2403,0.70672905,0.8889638
137,0.64061284,0.6911951
3256,0.5365184,0.8010061
1281,0.36507952,0.40944195
1662,0.28858247,0.44843167
1425,0.34481156,0.37894997
895,0.15056548,0.065576166
2541,0.31909943,0.39029413
2376,0.3719699,0.36940122
1211,0.54736793,0.5720737
1054,0.4228417,0.4754968
532,0.23717862,0.25920433
3036,0.24221945,0.15685722
15,0.23259509,0.20131671
1231,0.03976029,0.074415326
1532,0.7619831,0.57625383
1060,0.18104994,0.24727145
232,0.4393906,0.3349712
3211,0.55001706,0.45460528
1966,0.5176265,0.5395924
2378,0.6781435,0.77099323
1791,0.33875018,0.3514079
2654,0.27294105,0.24169713
2222,0.44102067,0.2888618
1956,0.5580904,0.58190566
2494,0.51198244,0.48339736
2352,0.6939322,0.7771174
299,0.85756886,0.83202064
1691,0.68185025,0.791535
2749,0.40495425,0.29940295
839,0.48991495,0.4870883
535,0.22721496,0.24108249
892,0.1384618,0.16735572
2550,0.40587813,0.40929672
1477,0.31903803,0.17650789
2405,0.33476847,0.24005294
1181,0.7707256,0.8791704
648,0.38440105,0.2522033
2078,0.5280707,0.7550105
57,0.35529286,0.24784607
3177,0.44261897,0.7705683
2456,0.4486813,0.513009
313,0.62117213,0.49462745
1914,0.33734715,0.4054826
1866,0.30915722,0.26796734
2156,0.73945403,0.89607865
223,0.08533931,0.055181295
184,0.14952984,0.30690473
1547,0.5892479,0.5670391
773,0.3350258,0.36868685
1831,0.44479612,0.39019856
2867,0.4623698,0.38510716
1059,0.2733824,0.26010162
706,0.6173044,0.5965238
2140,0.3989187,0.42746308
3155,0.2510636,0.31764555
1543,0.32181206,0.37409306
1937,0.27948397,0.3336744
2053,0.20469552,0.11546749
2542,0.23735547,0.22751114
2000,0.5306629,0.68111384
2504,0.53905797,0.6540117
2300,0.7563207,0.8599385
779,0.29516116,0.36108512
381,0.5266411,0.50521004
3088,0.24531895,0.28081197
209,0.19166967,0.33881897
2572,0.24950084,0.10530886
1546,0.58080256,0.6327144
107,0.31322825,0.2730621
1387,0.2567922,0.2637679
894,0.40031984,0.37049055
1359,0.15478179,0.41857618
407,0.19562456,0.19715142
179,0.21527171,0.18165362
1892,0.3368237,0.8522992
145,0.34321418,0.42450163
767,0.40054643,0.48018143
2941,0.16370463,0.13612118
1693,0.29811984,0.44420782
2317,0.72129756,0.84581435
2427,0.28555465,0.3886347
1740,0.34758902,0.19734421
748,0.40962768,0.39171672
2185,0.47962174,0.38963947
585,0.56797296,0.45409867
2424,0.71457744,0.85658276
1439,0.37628517,0.479647
2505,0.3042075,0.3287229
1971,0.54124737,0.5256382
1112,0.5030687,0.39236388
1656,0.26051927,0.23591971
1564,0.3238337,0.47735155
2701,0.33782786,0.31875625
1409,0.26635778,0.14939824
165,0.74862796,0.662418
890,0.22430176,0.26160508
1646,0.26594567,0.3342033
3201,0.48312786,0.43070492
212,0.19362375,0.23040861
1879,0.2923162,0.24071538
2117,0.3146806,0.33494648
1729,0.17445126,0.35527408
1510,0.42585027,0.46071807
2861,0.4772136,0.5277187
3230,0.7216708,0.92203796
2114,0.23584163,0.34596097
420,0.25674435,0.2278251
2359,0.4827182,0.35088402
518,0.06451279,0.19282109
3210,0.31929275,0.6069082
945,0.38590333,0.28039807
1540,0.73133904,0.9095754
1348,0.28207928,0.45562872
2160,0.25714543,0.1595566
281,0.876373,0.9408137
1503,0.48992535,0.38296127
1098,0.64195526,0.72037446
1938,0.38010117,0.45870024
1104,0.57054174,0.47591934
1876,0.113873124,0.22851422
2206,0.20151505,0.20133728
239,0.772841,0.7697594
52,0.26088944,0.46248156
2084,0.40756893,0.4869396
3081,0.28908944,0.19087622
384,0.12904513,0.096046
881,0.5282066,0.48412275
2338,0.57233316,0.39598045
893,0.37261343,0.4498047
2957,0.14846796,0.11516923
1793,0.13392562,0.1678724
1040,0.6151751,0.60800266
1351,0.11058095,0.1292195
3135,0.41098514,0.5529977
1743,0.20392701,0.14933872
1261,0.2808711,0.30871892
3265,0.34370768,0.2690824
2304,0.54878557,0.50644827
3208,0.19582912,0.2712472
1604,0.3065647,0.41224068
1465,0.44074553,0.37219083
2396,0.7160961,0.7629185
2564,0.14977357,0.18511933
1010,0.37644944,0.29165056
3094,0.18298465,0.142497
1303,0.06981939,0.038435847
1649,0.34483162,0.30408782
1962,0.5084435,0.4203637
3159,0.82725364,0.93939877
2387,0.380017,0.38202003
2474,0.10903895,0.14029145
2350,0.79183364,0.8114976
2671,0.6103178,0.47360778
1623,0.61058706,0.74515676
1669,0.108894825,0.16282192
1777,0.35413533,0.5481121
2987,0.20013645,0.34129128
1550,0.7402448,0.7939479
2537,0.2086654,0.31669468
768,0.096524656,0.06176114
1002,0.15941963,0.17693534
750,0.53615254,0.4654678
2651,0.1429292,0.08469203
390,0.29054195,0.32692623
3061,0.07195601,0.07106182
447,0.3525607,0.22522622
2522,0.21396309,0.10787618
1250,0.16398773,0.13722295
3032,0.47060716,0.68861336
1049,0.57109445,0.47104567
2343,0.6019941,0.86967707
1818,0.37424415,0.30813432
1566,0.30457723,0.47816327
2973,0.26993126,0.39275086
1771,0.44045252,0.35978708
1185,0.17844582,0.3046657
1118,0.3863982,0.3614967
964,0.40203282,0.4800154
2143,0.60318744,0.67568845
2860,0.40137258,0.48027426
2991,0.33519852,0.41212454
2126,0.11589077,0.12802997
2551,0.2883643,0.3218655
2560,0.37962207,0.33443514
2965,0.21484852,0.32588735
974,0.1624383,0.124179184
730,0.31217474,0.29819155
2447,0.6971624,0.7940408
2144,0.6121034,0.38947475
2097,0.2974456,0.5925916
464,0.5031532,0.44290042
2588,0.41139138,0.51488763
2284,0.14539587,0.20722404
376,0.8151921,0.96551895
1328,0.48125988,0.50665456
202,0.17677858,0.23117277
2883,0.75230265,0.897683
2865,0.28734684,0.24452773
385,0.30226222,0.36280584
508,0.3349408,0.19180778
2931,0.15499562,0.24011514
2432,0.5650755,0.6384257
1644,0.4986181,0.3498748
1722,0.38140678,0.32275617
2036,0.6950038,0.8334892
2066,0.41808704,0.288396
183,0.4241166,0.47367248
3114,0.45189965,0.38810468
2310,0.3774265,0.43951112
1134,0.48265862,0.50219864
2042,0.20096278,0.27327865
2962,0.14261097,0.14582658
1528,0.4527933,0.37415925
903,0.36594704,0.23708743
2177,0.42209843,0.43433213
3207,0.9176763,0.9852938
888,0.3299698,0.38874745
2747,0.6686682,0.6953362
268,0.43535453,0.4479647
2630,0.41641206,0.2860232
993,0.32806185,0.3441881
457,0.3008076,0.31920445
328,0.35095036,0.3563757
270,0.90541995,0.9254526
3191,0.5178487,0.52148426
1083,0.41118178,0.5205371
561,0.34026092,0.3855519
1870,0.5398955,0.50962514
1213,0.43129128,0.4321884
1595,0.3906725,0.5039456
1176,0.572737,0.4714259
1003,0.10804126,0.12693089
1518,0.76597226,0.9060473
759,0.6185629,0.69620365
3249,0.2048198,0.43416604
1561,0.38901284,0.39205754
289,0.81979334,0.9223056
725,0.17912167,0.17035758
955,0.32453853,0.19526836
2815,0.4014877,0.704092
1074,0.79955935,0.9010813
86,0.3929179,0.43669754
2202,0.104471505,0.074198484
3017,0.28262857,0.409892
979,0.22868001,0.1745463
188,0.40857422,0.41426343
1382,0.46978933,0.43272465
484,0.25090873,0.19160569
370,0.052981228,0.12100187
2834,0.7773907,0.94236624
1126,0.49084637,0.37508532
290,0.90240526,0.9476388
2121,0.4267912,0.45099685
2334,0.77198267,0.90503293
1850,0.4331621,0.6934401
1881,0.3380019,0.42264813
1471,0.37589,0.42350245
3171,0.45778978,0.5354482
1542,0.14010072,0.4062106
1255,0.19283792,0.23801005
2377,0.47689724,0.6082432
1224,0.35179153,0.41229093
3104,0.21968135,0.23954335
547,0.2108475,0.27597755
36,0.21563214,0.16358596
363,0.93003,0.92674536
523,0.17923683,0.12915188
1736,0.2632553,0.27790684
1548,0.46678293,0.63816416
3077,0.08867392,0.09504828
2622,0.41190714,0.27266783
1222,0.26989508,0.22599527
116,0.40535817,0.4725631
1851,0.05809197,0.056054175
1679,0.36398423,0.45712864
515,0.5880749,0.29755634
1038,0.35791248,0.366456
225,0.59213465,0.27085912
2895,0.06506431,0.101463825
1989,0.55353194,0.48619673
2535,0.32215333,0.2101033
727,0.208282,0.19509488
1053,0.44342232,0.24740657
2089,0.40560678,0.27145997
866,0.28081056,0.42150927
3033,0.3886203,0.30466366
1608,0.47323596,0.61251473
455,0.4122374,0.37734577
1834,0.48204285,0.44166607
2450,0.65488666,0.5279371
2982,0.15086117,0.15226617
3215,0.76533633,0.81322503
2442,0.67796254,0.6272723
2011,0.51595014,0.34245354
1775,0.27430856,0.17823583
689,0.72638005,0.6544805
2145,0.4899799,0.36560893
1377,0.32816613,0.31864876
273,0.51030743,0.5953481
2466,0.29302406,0.37021568
294,0.22583064,0.21469778
849,0.37682107,0.34754807
1928,0.33645278,0.3577478
2720,0.28529528,0.31347072
1597,0.58679533,0.60921484
226,0.6338909,0.5547107
76,0.09419295,0.054632068
2512,0.06901911,0.07731703
1990,0.41313142,0.4812032
659,0.20612118,0.23533705
1385,0.3470589,0.32093352
2381,0.57532406,0.61673605
2780,0.6307987,0.54132247
359,0.41248816,0.62285507
1263,0.34302634,0.29908964
3060,0.14505354,0.11362973
587,0.09492591,0.040272743
761,0.66791594,0.5121368
458,0.32806656,0.43451795
1403,0.5365955,0.67732704
973,0.15695217,0.12265372
2162,0.25408256,0.20008427
1016,0.41648212,0.33875263
1934,0.48908976,0.3583309
2680,0.37899035,0.7233713
2496,0.27615863,0.30512285
956,0.17526647,0.15102324
2595,0.3153836,0.43522164
2801,0.402578,0.45002303
256,0.65465873,0.7306456
2191,0.50141025,0.82572174
2878,0.1447281,0.14650083
3175,0.35295722,0.4397194
1013,0.2772944,0.33153337
841,0.43969378,0.36265242
1770,0.19847232,0.41477698
1034,0.27006537,0.27943432
47,0.12746808,0.17691413
2125,0.20568985,0.19672596
2637,0.248182,0.11555767
952,0.38210768,0.311853
2369,0.3946385,0.575183
138,0.0916042,0.05877787
2130,0.46462497,0.5464213
1381,0.089800835,0.058901936
161,0.27880487,0.23396504
1416,0.34278435,0.5042618
2309,0.6664176,0.59519523
2003,0.4419108,0.32241568
2949,0.25638002,0.4317686
3248,0.56021684,0.3762147
1417,0.3581758,0.29145548
1878,0.2202464,0.22742349
2321,0.25771186,0.27946603
2008,0.3358721,0.2970773
2277,0.26767558,0.63649684
1470,0.16456318,0.17523074
2606,0.3292957,0.2640796
1300,0.45374566,0.3588072
2778,0.21665347,0.21045044
283,0.880497,0.9628854
2628,0.1607494,0.11348033
1921,0.488318,0.37885126
1704,0.4097165,0.34478518
1373,0.41866037,0.24144205
2722,0.41470516,0.3177847
2370,0.7547201,0.8133389
1113,0.6938466,0.7686702
2667,0.23167181,0.24993148
1421,0.285442,0.42094636
1984,0.63431656,0.8971429
2563,0.4450735,0.3739428
109,0.13100493,0.093515694
3227,0.55228233,0.6807408
1994,0.49689633,0.40354845
419,0.16655028,0.15333861
803,0.3471048,0.37943286
3000,0.31102252,0.31932634
1099,0.6836727,0.77011836
1605,0.6712006,0.870966
2025,0.28533202,0.43106356
2769,0.5365377,0.65059876
2049,0.2790115,0.23208442
1512,0.3957526,0.3724156
111,0.34799227,0.23946944
3066,0.06921986,0.14392865
2879,0.5042675,0.4122208
2786,0.2335878,0.18303734
1453,0.19747052,0.310713
1344,0.3971656,0.37300706
196,0.07734138,0.0511055
3132,0.34279084,0.3352841
1095,0.37214768,0.292365
2383,0.26035404,0.4152707
2091,0.50198483,0.5877965
3042,0.28406268,0.18033394
3011,0.4384646,0.43923876
272,0.67798454,0.8387419
2650,0.5435215,0.47799113
594,0.2195558,0.34094417
324,0.89886814,0.8723961
1812,0.18635401,0.13370961
576,0.25459555,0.31607172
51,0.16305974,0.6295658
1352,0.453887,0.37415764
2448,0.6415137,0.59840065
3239,0.3082583,0.4530396
349,0.37793618,0.42445332
2357,0.56233555,0.6520857
129,0.44650313,0.3958087
1952,0.3848696,0.5964647
308,0.27385825,0.22721627
151,0.3706671,0.40745252
2479,0.39025488,0.47258642
2842,0.3501498,0.35020986
663,0.108361095,0.09219977
1404,0.20144638,0.19381765
2299,0.353979,0.39734006
2584,0.54229164,0.5409591
1079,0.5200436,0.4565268
686,0.41412905,0.24751043
2311,0.49730116,0.4554236
644,0.23889929,0.24169919
1820,0.46159858,0.4100682
3268,0.32590938,0.3772153
2393,0.22058839,0.25116575
1163,0.26440835,0.18664557
2059,0.48523134,0.4577697
1320,0.46764848,0.36069596
2684,0.3861353,0.46371922
1933,0.582728,0.5295955
910,0.31800306,0.42335504
867,0.07000458,0.048054755
1087,0.41833153,0.3549732
112,0.5860172,0.31555727
316,0.6036529,0.79538864
3084,0.46712488,0.39308771
1945,0.4667916,0.68962896
231,0.36367196,0.2842074
1687,0.29542246,0.31323358
403,0.38750553,0.30396754
7,0.18066323,0.1189962
2636,0.43389258,0.19897982
2335,0.47658187,0.4796749
2793,0.27117202,0.27350634
1573,0.6177652,0.7570913
2925,0.11989164,0.22369257
269,0.34903526,0.26445287
2723,0.36305943,0.33327082
710,0.57758415,0.6224815
2096,0.8815405,0.9951134
322,0.7901407,0.8944556
698,0.65880024,0.7566209
2851,0.759879,0.9184109
1871,0.31776172,0.36975121
1571,0.47409365,0.6341464
332,0.83615166,0.9004513
946,0.16995195,0.21709174
167,0.3254133,0.17819366
1209,0.3941725,0.79177654
371,0.7161028,0.74199003
1102,0.42618257,0.28842828
1139,0.66075003,0.7250306
2746,0.44582218,0.30526274
1026,0.29234636,0.37710047
2216,0.6125973,0.67496777
2043,0.41848865,0.46975392
2548,0.471761,0.5279753
1336,0.29874086,0.22101131
1534,0.3144887,0.48161352
2681,0.06500989,0.023997992
2234,0.29697675,0.45990744
2373,0.37429863,0.6338698
181,0.22812477,0.23232606
1890,0.52271575,0.31454843
1164,0.46079952,0.19442448
3147,0.5848181,0.7108215
2767,0.33117938,0.44208112
1601,0.47483122,0.76844966
2204,0.8599242,0.9701854
1286,0.45556408,0.3998472
623,0.4898912,0.5456903
1241,0.37257585,0.3833453
1836,0.28287458,0.13443497
2318,0.7333365,0.907069
348,0.6312287,0.7283604
162,0.27092147,0.32621264
2927,0.2069222,0.20617625
1343,0.02656871,0.055565447
1458,0.49994534,0.30070716
240,0.15768477,0.24166164
2165,0.124087185,0.06950843
3134,0.629307,0.7213672
862,0.3913065,0.3739087
914,0.3211552,0.5223385
2639,0.32880476,0.3180445
784,0.36308086,0.44831488
1497,0.46647358,0.2322078
2248,0.23186654,0.105443716
1965,0.48097476,0.48345423
2740,0.56074554,0.58729035
2529,0.2240192,0.3322142
1975,0.50149846,0.6546414
2457,0.4481639,0.4178298
1841,0.2846943,0.2249538
2562,0.26755464,0.23663327
3205,0.57011956,0.62815446
3212,0.44707626,0.38479102
275,0.5950152,0.5133831
1843,0.4429862,0.252936
2322,0.68494004,0.7796583
233,0.319722,0.3617907
2869,0.290883,0.3490588
765,0.3643989,0.36246854
1394,0.3542246,0.6174971
2337,0.38191387,0.5520693
1035,0.6782699,0.8217114
528,0.3693843,0.32554722
224,0.30784148,0.30132377
1216,0.3360101,0.31864762
670,0.6098495,0.8743285
1797,0.35494477,0.42256412
1369,0.38675985,0.41847277
1773,0.14636844,0.1471706
408,0.69788074,0.7173162
1052,0.62634486,0.5916261
1606,0.6501576,0.79358065
3192,0.5773439,0.52425003
996,0.408641,0.48114127
3115,0.65942144,0.6770102
674,0.39702335,0.3653144
3145,0.44552508,0.46281564
2546,0.07959914,0.04787278
504,0.08444345,0.11290714
3074,0.11650553,0.08943474
1774,0.42949963,0.4486555
481,0.12928674,0.14309987
3198,0.5733105,0.5789243
2881,0.13978249,0.12693563
2918,0.13302332,0.2552819
278,0.87538815,0.9413316
1107,0.78611946,0.8708906
2929,0.23266312,0.30765307
2218,0.19004688,0.21569923
219,0.2709244,0.16614014
1401,0.3808734,0.58988225
302,0.20151636,0.18629965
2434,0.50622046,0.4308586
2823,0.82199824,0.9377981
3141,0.5015363,0.48844716
1942,0.55086064,0.5748471
468,0.03277996,0.04925865
2210,0.74430263,0.55033755
1522,0.5302466,0.7830501
2116,0.20369151,0.18921378
882,0.2211883,0.1557759
2635,0.6780314,0.5985805
466,0.40741813,0.35685694
936,0.35556918,0.3763807
2997,0.08974552,0.06200081
6,0.11601594,0.11587107
1895,0.6997479,0.9027537
615,0.3822306,0.32335663
2360,0.4069554,0.44990435
2030,0.30653352,0.30458826
132,0.21099785,0.37622473
851,0.26425022,0.21901989
2788,0.6315823,0.6348591
249,0.33972776,0.2988056
2115,0.48365217,0.54308295
2859,0.47908768,0.4200917
253,0.8792279,0.91686964
1768,0.3013959,0.3031901
2568,0.47030255,0.59818405
942,0.5164891,0.58736706
361,0.3103157,0.4460323
2728,0.37369967,0.50194484
2666,0.36864796,0.5287329
339,0.6682757,0.74862397
2943,0.34366995,0.631486
1833,0.33917242,0.2939389
186,0.6167214,0.574512
2614,0.64068437,0.6273951
1499,0.58528686,0.5469048
379,0.76566243,0.88660055
1317,0.3797527,0.34309173
1589,0.3978191,0.44000918
350,0.58338684,0.40071142
813,0.3639796,0.32803404
2105,0.10273528,0.17756417
3172,0.5102687,0.36559498
400,0.59830904,0.76927376
2069,0.48340788,0.6584443
1698,0.17125571,0.20989674
1431,0.41711837,0.43556207
2324,0.5146332,0.639758
358,0.5918111,0.7200686
548,0.39185643,0.25881183
2246,0.8027592,0.82231104
658,0.40373725,0.21218458
2864,0.30947697,0.4060825
260,0.72368634,0.7152964
877,0.48370317,0.3569258
2781,0.46341217,0.49919233
695,0.53118896,0.47201383
53,0.1962446,0.11386785
1625,0.7013583,0.9099649
1046,0.3567119,0.38127816
2687,0.20093918,0.17989141
2080,0.30630124,0.32570615
2817,0.6691828,0.5729691
1484,0.61015075,0.80395955
675,0.2736519,0.18693313
1257,0.18855268,0.11787763
682,0.4375348,0.22635475
380,0.78426486,0.66557753
427,0.08158341,0.056378484
565,0.38160807,0.45052403
2407,0.30045053,0.29670155
41,0.3272012,0.16495442
143,0.5059263,0.3879746
1707,0.40284628,0.3411193
1651,0.3959139,0.3833732
680,0.39886123,0.45065358
335,0.27826536,0.20806181
2026,0.3252279,0.37364304
2483,0.3767844,0.32732496
1549,0.54236615,0.51035523
2935,0.36587176,0.43939635
2632,0.23464546,0.4166084
1153,0.4935412,0.56647545
2725,0.6138471,0.7109443
228,0.18883932,0.2147969
423,0.69979364,0.70964074
2212,0.068327814,0.104290634
227,0.39551115,0.6328723
3082,0.046675712,0.11147517
430,0.1400443,0.23091727
1809,0.5394214,0.49294698
2612,0.06776875,0.07137281
2095,0.26332802,0.15445396
93,0.33007088,0.35912248
210,0.57941353,0.5633961
2439,0.62328666,0.57600087
1047,0.34627953,0.36741108
1647,0.3608124,0.41679493
264,0.6643728,0.7985717
1766,0.42218244,0.23880064
1835,0.6437875,0.55005974
3102,0.56442803,0.57862777
238,0.5097067,0.41114914
2615,0.34808418,0.32784015
3237,0.15981516,0.16466114
148,0.59040934,0.41940153
1620,0.47494096,0.48765886
816,0.30533144,0.16558665
1754,0.40244395,0.39386454
1024,0.2586704,0.23504627
2976,0.086933225,0.19699413
1822,0.2980203,0.33455706
2336,0.8854429,0.90180975
990,0.44897306,0.4661591
889,0.4444512,0.41687137
2196,0.27354002,0.22000498
1066,0.1478498,0.09793067
2351,0.44530946,0.37265262
262,0.77995217,0.7707944
5,0.38470566,0.22385478
43,0.23155007,0.16769633
1658,0.44671744,0.27399656
1986,0.439698,0.37362328
2917,0.31681168,0.23232576
352,0.19533718,0.07445109
904,0.45762232,0.6160393
2294,0.5895694,0.43701738
2930,0.5361178,0.56200445
3271,0.38966882,0.31440544
1492,0.1801737,0.18602669
1158,0.3668929,0.28989333
1379,0.21164554,0.18383849
1912,0.33060342,0.70490485
1189,0.79133487,0.8840141
575,0.51411116,0.4658302
2520,0.47016355,0.3852057
1183,0.43107995,0.427657
1150,0.6447823,0.52608323
2727,0.4545797,0.6726102
2438,0.57869285,0.71066844
1839,0.15173575,0.28350168
2254,0.27704513,0.29533958
1798,0.20622328,0.37234807
2190,0.5140182,0.47649893
2964,0.135786,0.13536727
1738,0.46393687,0.38245118
755,0.23753536,0.27271336
1923,0.44911826,0.31677538
3235,0.28778926,0.39789605
3038,0.55957544,0.5277951
49,0.18161401,0.12753424
1363,0.28709164,0.27647045
1331,0.7224606,0.721104
3028,0.25809562,0.35949364
1037,0.06043127,0.08305171
2293,0.48304263,0.44058737
2959,0.4446339,0.46667188
1239,0.24120963,0.23859814
2621,0.28727156,0.38345098
2916,0.15129983,0.16548872
582,0.2558714,0.18301702
3092,0.43641478,0.61952907
1175,0.6884619,0.6868213
1490,0.5833739,0.61358213
56,0.35596216,0.151968
566,0.42680496,0.39602935
3010,0.3776682,0.31149843
3139,0.721162,0.78471375
909,0.37023807,0.341551
2183,0.3756132,0.2297768
3133,0.5121991,0.48572525
1765,0.13328177,0.06642708
2768,0.48497444,0.84484875
1630,0.5557414,0.4436476
516,0.12276739,0.15121976
3242,0.77068794,0.85294414
2877,0.6906345,0.6228091
2905,0.14139006,0.21196938
1218,0.4008147,0.4548473
323,0.7610701,0.5736434
696,0.42894626,0.2837168
2856,0.5810549,0.52981603
793,0.63329077,0.77097344
1427,0.14422375,0.14720455
611,0.361566,0.44281518
1048,0.486678,0.54136527
1187,0.34435835,0.22004911
1872,0.3314517,0.5255855
3040,0.13372853,0.14949575
2994,0.141738,0.124996275
1660,0.20785427,0.20860425
2209,0.3669996,0.38958293
1044,0.16754267,0.16043445
2475,0.24709892,0.17066151
3154,0.27875966,0.4040138
489,0.64001673,0.61495477
1910,0.24419016,0.34147584
1386,0.48939267,0.47054464
1230,0.56101346,0.7487429
2384,0.76614803,0.83610904
3246,0.7692733,0.92411125
1796,0.40226924,0.4145275
976,0.35077447,0.3748845
2316,0.5384836,0.4345044
2863,0.31766605,0.28966725
653,0.12270266,0.12356877
280,0.80134046,0.92821866
3085,0.25732183,0.50528127
207,0.5737823,0.45199525
96,0.36943278,0.4093691
907,0.10205656,0.093447685
2029,0.57399684,0.39887226
2838,0.32295465,0.2427099
2153,0.23236167,0.37919018
1106,0.7105547,0.9582818
443,0.2895619,0.18618539
1243,0.3399603,0.18679276
1350,0.34405926,0.24313444
248,0.5211031,0.5684031
136,0.39083123,0.38539854
1364,0.33713144,0.37580305
2492,0.10373512,0.09312919
2589,0.1876815,0.14642906
33,0.5192172,0.3901983
807,0.7651938,0.85965717
1979,0.6841434,0.84568906
2417,0.5229811,0.5577189
95,0.19473812,0.21611664
578,0.2458151,0.22994101
1114,0.59688956,0.74517494
3024,0.4995356,0.5029811
432,0.37452626,0.32786012
3120,0.36855632,0.4286013
208,0.14556736,0.11847019
2263,0.80378383,0.7976181
933,0.13827732,0.20248017
382,0.30532157,0.45866603
1508,0.427336,0.4967761
3241,0.6773879,0.53478914
3225,0.44723186,0.57350475
559,0.39634466,0.3592962
959,0.46892127,0.43503958
1999,0.45625913,0.33994085
1322,0.51698464,0.59791994
1709,0.34104502,0.32964486
2079,0.5814253,0.52041084
1080,0.7010009,0.7185892
769,0.58147174,0.58307064
2658,0.3695495,0.3500862
2397,0.51311105,0.40980777
2459,0.627186,0.62501687
2180,0.18691576,0.21740103
977,0.4121779,0.22219947
498,0.27153927,0.29267997
2582,0.31514454,0.31640184
2250,0.4369952,0.44338208
2208,0.3407338,0.26655036
448,0.2318016,0.16657326
1279,0.36481196,0.36505228
2983,0.49939865,0.54250807
2189,0.07122937,0.024869025
1314,0.13256678,0.15946603
2409,0.5823606,0.76586676
2821,0.44004726,0.3294798
35,0.45278057,0.3123635
2033,0.12826547,0.26178285
2813,0.3344007,0.31871408
1226,0.7053735,0.70170504
1628,0.54231286,0.67690617
1960,0.25341207,0.283971
69,0.35587043,0.31374896
2197,0.720644,0.8140431
2163,0.12870386,0.10044414
3244,0.86723614,0.9411414
1170,0.46215585,0.5652382
801,0.39374563,0.40298632
2122,0.38101277,0.25002754
2644,0.19965756,0.280415
1584,0.45519608,0.30295724
809,0.56540537,0.4984341
3216,0.6869886,0.6476201
99,0.3425241,0.41842577
998,0.48580223,0.5178754
2266,0.2012732,0.22759247
218,0.6908783,0.61410123
1500,0.35287777,0.40703335
291,0.19553074,0.38705277
3218,0.9217055,0.9141568
1523,0.59926355,0.7920095
1955,0.6552287,0.78035367
810,0.55315864,0.68746555
2445,0.53155136,0.47600356
1654,0.23086941,0.269627
415,0.43263066,0.52032757
781,0.6758662,0.7812164
2127,0.21152604,0.111106694
1129,0.2619664,0.21629703
259,0.19217816,0.20191774
635,0.39687845,0.48947924
852,0.42657858,0.42749566
3037,0.4817264,0.4260099
854,0.3457021,0.39487737
1574,0.4297268,0.51959485
2712,0.4015812,0.36398005
1655,0.4412944,0.33581716
42,0.45179582,0.39301285
2855,0.35580814,0.27577388
431,0.42213303,0.3722678
3055,0.2965194,0.526087
284,0.8632794,0.903054
500,0.16921028,0.20576823
1759,0.19250268,0.32520026
569,0.21054089,0.19724295
1544,0.39818662,0.4573954
482,0.3952484,0.29400265
125,0.18974659,0.1117695
538,0.24520567,0.27165583
296,0.47009048,0.5314169
1804,0.36107773,0.2821712
292,0.60902464,0.75705636
2885,0.46889925,0.4397834
241,0.46096584,0.4385436
1786,0.3655603,0.31413466
1621,0.33730704,0.28224164
2329,0.393425,0.47587562
1748,0.3904547,0.3101814
2198,0.25017774,0.21894136
2435,0.46659222,0.29392835
2270,0.7559074,0.8575932
2988,0.20105496,0.29689318
2620,0.11601028,0.1567187
1197,0.71274126,0.7348949
1041,0.4190076,0.54361254
1790,0.45601195,0.5255108
1435,0.57640314,0.5233199
2178,0.54187346,0.3565797
733,0.22509953,0.16170365
404,0.6932989,0.78874683
1466,0.58764255,0.5100138
544,0.1542334,0.15656826
2187,0.5869814,0.51179236
1896,0.6817273,0.793429
66,0.57243544,0.5156786
1943,0.42422217,0.39406028
1082,0.66370714,0.8491668
844,0.41073388,0.25511307
2211,0.39387614,0.5156334
2713,0.42165488,0.39019
388,0.33807018,0.31685603
2107,0.23746082,0.15531003
1323,0.36983812,0.25905704
2738,0.54683894,0.58001894
180,0.677146,0.5522662
3045,0.35906348,0.31180483
2833,0.46996143,0.3792295
1426,0.42183658,0.38128993
2802,0.5778695,0.72373277
1173,0.41965806,0.2868369
1853,0.0732066,0.065365076
1627,0.3589331,0.3369557
155,0.4008248,0.30524367
1039,0.048943967,0.06400135
913,0.13112727,0.14233094
1599,0.7761371,0.9099575
2899,0.15569064,0.2758389
2561,0.4190633,0.2555313
3097,0.48738387,0.41174257
2118,0.5030381,0.811489
1616,0.36741304,0.40612963
1991,0.35466218,0.3641854
2705,0.3160451,0.31418288
1347,0.25899023,0.2514655
1659,0.2808143,0.24004558
200,0.34319216,0.53576237
2429,0.54447466,0.499208
301,0.70065105,0.6083317
949,0.40414822,0.5239149
1641,0.61817586,0.7019512
1182,0.30374438,0.4911762
2472,0.39449263,0.29839712
2569,0.2324276,0.42369926
2543,0.51122504,0.40757233
2578,0.36518595,0.36058825
1732,0.36021233,0.44290847
1019,0.3078854,0.35779583
2219,0.46043825,0.6167532
2532,0.20179078,0.16561201
2743,0.4162847,0.42243043
802,0.7186001,0.78843606
2431,0.5868391,0.73747236
701,0.2209186,0.26179475
692,0.17818534,0.13302293
2688,0.25101534,0.21882242
77,0.1462614,0.16073808
788,0.20692566,0.07066274
1874,0.36828688,0.36782855
2774,0.53886664,0.5026
865,0.33073515,0.33778083
541,0.1456838,0.097759426
1931,0.37974498,0.49294543
1502,0.7661376,0.96539533
1905,0.4635288,0.49489003
1008,0.13907942,0.085615784
1354,0.43873984,0.35926503
2052,0.54912686,0.49205595
3267,0.21600482,0.18011004
39,0.19695371,0.19997758
1310,0.47809523,0.6592668
2932,0.06111437,0.061681032
915,0.2234441,0.22456366
153,0.16507891,0.12270394
1071,0.40073165,0.38087413
721,0.28327137,0.24235365
2094,0.56529725,0.4853859
1474,0.1709876,0.22388005
2530,0.2611885,0.21425778
3126,0.329216,0.3916143
1897,0.75415903,0.825265
2223,0.65494275,0.6445521
745,0.35394093,0.24919474
871,0.117149234,0.20768559
2524,0.26033396,0.29638588
2141,0.09437838,0.07346594
605,0.33815354,0.3574404
2884,0.39272892,0.6556383
2421,0.7409755,0.7080367
744,0.24954006,0.3017454
1312,0.46153432,0.40534827
2945,0.12943321,0.2823238
572,0.38851905,0.5215086
691,0.6132495,0.5001663
662,0.4279949,0.34588104
255,0.37856594,0.34377745
439,0.39161974,0.46130344
633,0.17980757,0.18391094
1159,0.46203315,0.379404
986,0.24985641,0.384417
243,0.17877805,0.11804879
738,0.36558932,0.2677646
950,0.38654134,0.40744004
806,0.70799243,0.70708084
2752,0.68092537,0.7238244
792,0.7049142,0.75790733
1985,0.380084,0.31161457
2243,0.2332747,0.16743752
2395,0.8121511,0.900912
2401,0.81355655,0.7818845
980,0.12401691,0.13912266
3167,0.7041081,0.68099046
1700,0.51502883,0.3900525
1741,0.54465884,0.72260517
1739,0.2869525,0.15571862
1664,0.38881826,0.42270947
1705,0.27510166,0.19105291
139,0.52524126,0.2542193
486,0.48033455,0.3100965
1639,0.3266393,0.26437795
2799,0.41080198,0.14488992
2327,0.47272167,0.47816664
1609,0.35768005,0.47794932
194,0.362836,0.17769068
1953,0.34526965,0.22161457
1661,0.32560718,0.38220713
2110,0.7266952,0.8616599
916,0.43834034,0.33592916
1447,0.3818776,0.3761342
1913,0.51033425,0.4103283
2514,0.2596838,0.3610415
1145,0.40976262,0.497257
3164,0.77241325,0.847722
2024,0.29834157,0.26940718
531,0.34855324,0.5379129
2203,0.28217685,0.228841
2682,0.35027695,0.3675586
254,0.63406265,0.48942956
1462,0.16886961,0.27974498
593,0.41902038,0.44440648
1538,0.58163106,0.91223973
879,0.346745,0.42377007
3262,0.4747938,0.40202248
1614,0.6361244,0.562814
2379,0.35187918,0.37383497
2139,0.5861149,0.6522124
2297,0.48036408,0.45926458
1887,0.045090735,0.07451701
83,0.7362991,0.78809845
1440,0.40269256,0.3465804
127,0.4710681,0.28502852
837,0.40857434,0.32095587
1132,0.50282735,0.55806535
2481,0.19824743,0.14647183
1399,0.20025727,0.23887324
656,0.54988194,0.70427495
1569,0.5022112,0.56001985
1105,0.499654,0.5379653
1781,0.33230296,0.23151216
2332,0.46970984,0.48503137
1513,0.45159823,0.51499104
754,0.17492059,0.085333765
1972,0.254467,0.3558265
1982,0.4142604,0.6770519
1784,0.5350471,0.10733557
3105,0.12695849,0.082084745
1000,0.27906287,0.31021482
1267,0.5619813,0.41084936
150,0.67210346,0.4365281
2428,0.6372573,0.8592365
1018,0.21430063,0.15462014
724,0.16683781,0.20896873
2374,0.6220233,0.7175695
818,0.6005808,0.65171367
3068,0.29211092,0.2614773
1826,0.09092912,0.3039766
747,0.46567157,0.36569905
2609,0.47614107,0.30868286
429,0.6589435,0.6169096
2347,0.7208714,0.79469776
199,0.14727613,0.081587285
2291,0.57886714,0.65008295
886,0.14171445,0.11573097
1868,0.4541531,0.1886487
1324,0.19143775,0.24253792
1554,0.9304285,0.99957776
472,0.20011798,0.23113334
1917,0.47998536,0.49989197
2533,0.39832178,0.3714208
2977,0.16402915,0.17223307
2194,0.16037348,0.3493492
1903,0.516481,0.42179543
2149,0.12469193,0.11329445
654,0.53212804,0.52775544
147,0.14348727,0.309075
2063,0.20883459,0.10360059
3023,0.27330917,0.18396848
1256,0.514507,0.3464381
97,0.39600194,0.37754115
1537,0.78971434,0.9547231
622,0.060409784,0.055185646
2019,0.47326037,0.3810998
2161,0.0653767,0.063420564
527,0.314749,0.30178714
2499,0.44173455,0.39472753
1845,0.24375996,0.18026629
2772,0.32790825,0.48388186
2796,0.13149625,0.1258525
1813,0.41831294,0.24181116
1634,0.63088274,0.7726494
2971,0.13147205,0.09173426
586,0.33865553,0.25041062
3054,0.67667186,0.6438266
954,0.47005403,0.5095737
968,0.1767224,0.28129303
2123,0.23101372,0.20957407
2906,0.14741978,0.38353357
2017,0.42637318,0.68014073
655,0.30247793,0.36037874
2804,0.68509996,0.75789773
353,0.31015557,0.26358297
2136,0.52899563,0.49458203
279,0.6444281,0.6556008
1800,0.4730672,0.4740286
2825,0.40853062,0.26932615
3119,0.46450782,0.5451271
649,0.4191917,0.42799446
3124,0.34827352,0.4094249
1475,0.43603218,0.26419538
2986,0.22519034,0.23286352
1390,0.35623103,0.23025796
2770,0.64888585,0.6911468
1762,0.29241365,0.21310627
4,0.24022895,0.32823956
2700,0.33813533,0.42121515
2100,0.39648587,0.31097415
1277,0.37087688,0.82602763
1365,0.4609145,0.36220378
3019,0.1937725,0.13163534
708,0.26582363,0.31924367
2356,0.45175093,0.44381762
3173,0.5737187,0.35280773
702,0.2835132,0.29086637
2001,0.56955,0.8011137
2754,0.33875316,0.23120314
1419,0.27642083,0.4901461
2979,0.20820692,0.27740538
159,0.48646882,0.37857205
1688,0.43375936,0.46452075
1807,0.13585734,0.18738547
176,0.42922384,0.39470392
804,0.50095457,0.41455024
1488,0.467109,0.45832062
563,0.32364917,0.38860956
1980,0.35363287,0.41607326
2779,0.6884071,0.8706269
406,0.8113856,0.8191128
2398,0.5886622,0.85358334
3263,0.76306105,0.8018278
2623,0.17702395,0.16886857
392,0.41886276,0.41626933
345,0.37645406,0.06426653
1539,0.46899036,0.48787355
483,0.50565904,0.5289529
1902,0.38990247,0.42000017
1596,0.6398529,0.8080034
1734,0.13427177,0.10744542
459,0.26483846,0.4154967
1603,0.72389054,0.73762846
2761,0.4306119,0.37842962
3200,0.3759321,0.51460767
1441,0.09943214,0.075068146
417,0.24944058,0.20022595
3109,0.2535373,0.18506509
1860,0.24545851,0.15066186
2689,0.24369648,0.3161034
1473,0.18990967,0.2491652
2912,0.2749591,0.46210304
940,0.19648215,0.24145794
2891,0.07082257,0.053952694
1063,0.33263838,0.28347898
660,0.39746445,0.43797687
2487,0.16659331,0.17997304
2157,0.085095674,0.119332105
2124,0.120661914,0.102651924
2824,0.6019893,0.6891557
1695,0.43115038,0.48577222
526,0.047705352,0.032697827
1133,0.365116,0.2980216
1195,0.34738132,0.32708937
581,0.24662271,0.26336196
1959,0.30250084,0.38538718
1438,0.4803864,0.5121864
1828,0.47010767,0.29477847
930,0.4663642,0.53326565
934,0.21933079,0.23043582
2762,0.43748578,0.56566256
1012,0.22959161,0.16430879
3161,0.7108449,0.71276325
1491,0.64606583,0.76239145
491,0.40184626,0.38583386
883,0.15929204,0.1876733
831,0.37570205,0.35688958
3149,0.66814286,0.85720646
533,0.102565825,0.16212231
329,0.34374297,0.3201741
2848,0.58971506,0.72606456
3193,0.5867703,0.6090939
975,0.114602536,0.05989802
1316,0.2696628,0.26683182
2819,0.33571592,0.40285158
2039,0.28216928,0.3348074
1753,0.41760534,0.33416605
1353,0.04412183,0.019254655
3071,0.24522975,0.10714409
603,0.31327808,0.17385942
2934,0.49580488,0.5388854
2476,0.17871654,0.085177094
2806,0.69353616,0.69449365
3004,0.27229714,0.19732678
2539,0.4745102,0.358499
1306,0.4064313,0.25715315
726,0.101644725,0.13677087
2775,0.15268484,0.23864037
2046,0.50118774,0.41326186
2946,0.08583087,0.3649218
3203,0.86235976,0.96850276
98,0.6182008,0.69717956
1888,0.1835129,0.1551998
1579,0.6338734,0.78614885
3046,0.22443217,0.29581827
3261,0.56389433,0.52681416
2921,0.28662962,0.22617579
2669,0.305511,0.39203364
799,0.5688747,0.6595091
1560,0.4625659,0.49247193
2261,0.6780562,0.5983288
3254,0.5213285,0.6361444
704,0.31391925,0.19568062
3026,0.19115004,0.19710734
828,0.38324058,0.32141542
2205,0.5682759,0.546641
1233,0.16605431,0.19197243
2897,0.37076542,0.41968942
3143,0.37281802,0.346331
409,0.528911,0.33153144
2230,0.47453612,0.37138265
2911,0.66710764,0.6186804
556,0.08159229,0.08196205
436,0.49506363,0.34168315
3179,0.76214457,0.8721494
503,0.22572565,0.121714175
2741,0.36076266,0.3107881
1737,0.13695577,0.07131955
588,0.5697155,0.5144505
1636,0.38561764,0.3694932
319,0.42503792,0.4179394
1617,0.56586623,0.4892619
1565,0.71535975,0.5505288
891,0.34844017,0.45400164
1345,0.2770964,0.17117181
3130,0.80864656,0.9149097
687,0.20636043,0.16017854
2388,0.41137707,0.5760486
192,0.24555752,0.25613233
1006,0.4439615,0.38619876
1422,0.24324396,0.15163475
1141,0.654989,0.75217354
1823,0.2791703,0.20567033
1469,0.4748059,0.6750627
896,0.42462695,0.43309098
463,0.5877889,0.53189296
3234,0.56753063,0.40837237
1081,0.46295202,0.35536093
763,0.5043981,0.8608951
1716,0.40985936,0.25399396
2181,0.29887652,0.24632582
2829,0.5850417,0.61252743
1710,0.11489239,0.05644086
2382,0.70562667,0.8006257
134,0.21242923,0.22971213
2050,0.44285056,0.46373877
1220,0.61991024,0.5374777
2737,0.3631822,0.46745646
2010,0.43016842,0.6407808
1194,0.454185,0.419251
1825,0.469441,0.25520572
394,0.536911,0.620658
453,0.2676491,0.21718472
2702,0.22778133,0.12020415
2800,0.48740822,0.30074972
2468,0.30560893,0.36196646
2748,0.3694451,0.50556946
378,0.22692391,0.37003618
70,0.17966396,0.24452761
2385,0.6619631,0.7125342
987,0.026271075,0.05577424
2436,0.29736,0.3368899
962,0.43537024,0.38813636
2939,0.3812825,0.48816636
1720,0.15752047,0.1881409
2653,0.22090772,0.09269726
117,0.06280282,0.065843016
961,0.5179505,0.6131832
1555,0.51255417,0.53428936
1177,0.3646005,0.23657006
2575,0.2926052,0.3765858
2365,0.5361783,0.5181542
1272,0.61812025,0.3841334
812,0.27317995,0.3907417
3165,0.6228023,0.54658955
1162,0.20678136,0.47245514
3148,0.71024704,0.7779465
2057,0.4357645,0.32408556
3051,0.3134592,0.10357314
3228,0.40485433,0.2964319
1028,0.3586105,0.41918936
2577,0.44886294,0.3430339
144,0.28272504,0.1765745
777,0.21917802,0.6208949
2531,0.13901728,0.064475566
2837,0.381868,0.3694819
2058,0.39844215,0.5008356
1030,0.1327368,0.13958678
577,0.12608242,0.22615603
2513,0.19458759,0.25696534
901,0.26388457,0.5560048
2346,0.53589785,0.56340396
1407,0.32592797,0.18507615
673,0.22128987,0.20144469
1842,0.03803265,0.059708327
1859,0.14072722,0.24031466
2995,0.14003366,0.1505742
1459,0.3349076,0.45688772
2113,0.4627438,0.5944946
1119,0.5148666,0.38394192
1810,0.21707419,0.2754748
1494,0.5205587,0.5763141
1057,0.45433044,0.39021504
2726,0.73147076,0.83992755
3181,0.5627591,0.62207943
1940,0.4113015,0.5985159
2465,0.092568964,0.08082536
3003,0.26227105,0.2792618
1626,0.42191273,0.5194387
2167,0.48647448,0.3529815
1757,0.54762423,0.55259216
2593,0.39719564,0.35062015
3253,0.6718753,0.6372885
479,0.63148814,0.573113
2315,0.33563143,0.6335747
1824,0.47799376,0.3492253
714,0.24749151,0.17550102
276,0.473384,0.38460886
1657,0.41934624,0.3506931
1289,0.36844224,0.3236884
740,0.37625647,0.25912732
1782,0.43528104,0.39353675
1665,0.56218684,0.4538701
124,0.40755075,0.2918799
1090,0.68565696,0.59051687
1531,0.55055773,0.655185
1450,0.56491655,0.3840409
2715,0.494468,0.60172355
2626,0.55481726,0.48039067
2536,0.09253648,0.25299168
1193,0.26993564,0.45636117
511,0.35334435,0.26077944
957,0.21759728,0.30017596
2082,0.2554148,0.15215972
3250,0.6336695,0.64734465
1678,0.4839888,0.42486686
707,0.32596564,0.21524543
178,0.4797076,0.47206324
397,0.66098946,0.580535
2488,0.4137259,0.39169124
1121,0.56634486,0.56020397
251,0.754899,0.82248384
1147,0.635798,0.8568784
845,0.36658117,0.48997426
2103,0.2658568,0.040598363
1278,0.43664888,0.45656338
717,0.17002904,0.19665885
2647,0.47817582,0.44779345
1276,0.4771759,0.5474634
1587,0.3086579,0.28404135
1708,0.48817515,0.48517054
340,0.21779546,0.310507
1969,0.6314806,0.55251575
931,0.24253735,0.2724468
921,0.260278,0.1852077
735,0.33674154,0.34933448
2419,0.5637623,0.5179367
782,0.47524914,0.6474926
1801,0.4273602,0.33989835
1232,0.09310827,0.06413895
1671,0.6029196,0.6838854
1816,0.49169844,0.517064
487,0.5293822,0.4360969
1455,0.31090415,0.37657815
152,0.41513842,0.40410802
3264,0.44773337,0.46330753
2182,0.59642005,0.60092163
1907,0.5413535,0.48723397
1229,0.44961196,0.61736643
2458,0.3277917,0.35956383
1932,0.37738675,0.35167235
317,0.8910959,0.9113997
3257,0.54271555,0.5688326
1610,0.34938967,0.5233545
2175,0.44455552,0.30721182
2679,0.22824958,0.22933054
496,0.5985244,0.53173417
2902,0.24510473,0.37208983
1122,0.6817266,0.66655666
327,0.41620472,0.53877914
3178,0.50785714,0.44982862
454,0.170971,0.37050617
2540,0.27634245,0.22856659
2675,0.23742971,0.16592222
437,0.0660525,0.102059156
1829,0.39222956,0.42655396
501,0.2299051,0.27921587
2664,0.3626926,0.33440316
375,0.51254785,0.36731213
2272,0.2880324,0.16138858
1918,0.36838055,0.20841092
821,0.38874534,0.28163713
1223,0.43548203,0.44965118
3157,0.7758149,0.7955743
917,0.26895937,0.37925595
78,0.36674792,0.38775712
3025,0.26977336,0.42931992
1237,0.29510397,0.26708084
1151,0.5681161,0.38512063
1448,0.06477064,0.04592979
133,0.51584625,0.31574503
88,0.18282083,0.19742742
1045,0.2848006,0.28982425
372,0.44373754,0.51239794
2515,0.10871729,0.18015087
897,0.07710326,0.08019197
3100,0.19997153,0.20653325
2507,0.34797022,0.2719466
2328,0.676159,0.61330146
333,0.5255135,0.60146034
1974,0.47343263,0.6368736
2803,0.30705708,0.32769087
2353,0.29647687,0.37959576
969,0.24804023,0.2156083
1297,0.07004124,0.09130576
1723,0.2758023,0.22795528
800,0.59399116,0.4898144
428,0.34374455,0.19158107
3012,0.38539815,0.34936765
1929,0.6148972,0.49964628
1033,0.30177262,0.34285223
1848,0.46239233,0.529234
314,0.8610529,0.8964778
794,0.24835253,0.28451127
1696,0.41083044,0.265847
426,0.43887475,0.36242953
46,0.22145292,0.32483998
2298,0.5553636,0.63962036
3184,0.73704743,0.8272667
3151,0.83641684,0.90181446
1963,0.36919054,0.25797987
421,0.47926712,0.5144004
2993,0.031514406,0.039990872
2012,0.5545752,0.59313333
2408,0.46100926,0.6712591
3118,0.17205286,0.24230385
926,0.17711589,0.18849573
2171,0.48028606,0.7056775
652,0.08409625,0.1106267
939,0.41926783,0.45694306
30,0.36408874,0.29253095
2704,0.61851585,0.36060998
595,0.31091735,0.27995148
943,0.19452983,0.1379286
261,0.14748085,0.102167785
2853,0.66727185,0.89404994
3232,0.5012718,0.4349685
981,0.24603063,0.2873544
2547,0.25223756,0.21496055
3129,0.5791575,0.70780236
2721,0.22794956,0.21527201
676,0.41915518,0.54435897
1583,0.5173324,0.5139497
681,0.6512091,0.66427547
2280,0.7092477,0.66802645
72,0.22013578,0.3321088
17,0.28191793,0.35834283
1706,0.27169588,0.26029104
26,0.18875709,0.19951051
362,0.41838747,0.33107895
1631,0.21670568,0.5563007
1251,0.5503181,0.32415074
235,0.27883485,0.38778555
2887,0.35031435,0.33984655
1406,0.43923455,0.4154755
1186,0.891992,0.9955621
978,0.20919275,0.2846572
142,0.5130391,0.36371893
2757,0.6170531,0.7027629
1361,0.32571882,0.18098503
2719,0.7705908,0.94149107
346,0.850165,0.9537953
1428,0.41506183,0.5151912
1366,0.08162621,0.2499201
2028,0.38705954,0.36149943
1191,0.589891,0.54539263
2849,0.6366322,0.75368917
1156,0.40177837,0.39456138
927,0.2698868,0.2848904
3170,0.4328677,0.45255208
2268,0.65299654,0.7516966
356,0.5152818,0.4843385
2674,0.43838355,0.44872507
2686,0.34463942,0.21714169
1005,0.18869698,0.17501485
1400,0.50995106,0.3138193
1993,0.18532962,0.33669555
170,0.49592158,0.28712115
2924,0.21393454,0.46154675
1719,0.19718951,0.06535676
856,0.34103972,0.29242796
2452,0.2965271,0.3329076
2319,0.33709455,0.25114185
12,0.20405903,0.38565987
1697,0.40216407,0.400148
1023,0.14994127,0.15442413
311,0.5426295,0.49568248
2404,0.6341244,0.4801586
842,0.16008645,0.06208566
734,0.5268733,0.5428317
3047,0.40649888,0.33086568
3053,0.37873903,0.39017853
1202,0.36525583,0.5453573
1434,0.35848767,0.41238743
2956,0.162094,0.19442755
3009,0.1186029,0.059144676
2480,0.42459023,0.30283567
772,0.5151405,0.49987844
2880,0.10117462,0.043414503
105,0.41408187,0.24269563
1017,0.6945865,0.6623769
1124,0.44441774,0.30552238
2345,0.6438618,0.5997878
637,0.5535716,0.5261358
2224,0.3835323,0.26625854
2954,0.094988555,0.12142983
514,0.13326123,0.1909109
1260,0.21305302,0.18159845
222,0.27771294,0.6107441
770,0.14665693,0.08678797
1901,0.6289749,0.8782644
2239,0.3117393,0.35941532
416,0.59426546,0.65046906
2790,0.47749925,0.5339132
2910,0.33934313,0.42114523
521,0.45467854,0.42070544
2953,0.46708494,0.54252815
2460,0.62285376,0.35955513
1750,0.24381554,0.24927703
789,0.5794103,0.5825268
876,0.28134596,0.15446293
402,0.3474378,0.4261757
960,0.06569445,0.15570912
2108,0.5530081,0.669074
2519,0.37926462,0.17428583
606,0.2816871,0.32510018
864,0.14280581,0.18120217
3031,0.18201321,0.19027874
1948,0.54710805,0.439721
1184,0.5018549,0.5230387
2023,0.2706868,0.23197469
414,0.22617573,0.20344555
2037,0.45204607,0.3420885
546,0.12093499,0.109081
2226,0.4740921,0.30439055
24,0.3470275,0.3426445
342,0.84942526,0.9280602
1280,0.39697713,0.35815078
1110,0.5247324,0.47535676
1068,0.115718186,0.10440233
1411,0.35932076,0.28488314
1480,0.47594634,0.4682173
534,0.31690884,0.21229342
1915,0.2806447,0.27542418
1713,0.2753874,0.11640653
3093,0.24282315,0.51226884
847,0.40275043,0.17328736
840,0.2724349,0.26069444
2214,0.39340973,0.38693488
19,0.46318927,0.4205987
3,0.41013977,0.2939041
1998,0.5525276,0.38007608
461,0.44600737,0.4605974
449,0.6199399,0.43399143
3057,0.3407665,0.49105555
3096,0.39922193,0.49389392
983,0.351869,0.26415724
989,0.3253079,0.29761562
2016,0.33401477,0.26552764
451,0.24209854,0.33009607
2287,0.42069787,0.283569
1594,0.4506387,0.7009479
824,0.48978487,0.39443535
2133,0.3221225,0.24114901
2960,0.18795118,0.19322819
1200,0.5602011,0.54467
2557,0.37323394,0.23332796
2785,0.3588447,0.72409844
271,0.55926365,0.5922294
1262,0.31579363,0.3377264
54,0.1290752,0.14883822
688,0.19984245,0.19037813
412,0.41865006,0.390008
1593,0.5170147,0.6907622
2502,0.4560169,0.3771773
1506,0.4115295,0.4190793
2942,0.43428212,0.6056772
3030,0.31876075,0.20881477
1717,0.36550003,0.25256038
1123,0.57089293,0.3556756
2594,0.21260631,0.087548345
3251,0.7878024,0.84501874
469,0.031528443,0.033569783
1178,0.57926047,0.62309253
1325,0.46377465,0.51889277
1264,0.20240334,0.10832235
1452,0.27851763,0.17172843
3146,0.39972878,0.51404077
3021,0.38696578,0.13510266
2974,0.5331719,0.67741716
422,0.39712223,0.40139297
537,0.15681258,0.16184974
2416,0.4915432,0.44383112
1201,0.3262912,0.41752142
3162,0.7915529,0.9827595
21,0.5439141,0.49761087
1315,0.47262958,0.43657193
875,0.36616692,0.5086148
1527,0.6125851,0.94998705
131,0.2186029,0.19010493
2576,0.39456648,0.34165227
1624,0.4192684,0.7765251
2413,0.36858904,0.36145377
1036,0.59758586,0.6057333
780,0.47171122,0.45039856
562,0.5485704,0.40773517
2923,0.3777825,0.628814
2312,0.4043172,0.48162353
2006,0.5604678,0.81653595
1334,0.24784985,0.21485928
2566,0.19231483,0.13053992
2375,0.3746092,0.49584833
1692,0.36858773,0.4378256
1951,0.39652595,0.30320436
2503,0.44932008,0.56034225
470,0.38557082,0.4160515
2661,0.44480658,0.30601525
1238,0.41830468,0.36116466
1290,0.45001847,0.48231584
2871,0.3694359,0.45173228
2662,0.19473177,0.19288334
1076,0.58939475,0.62077606
2900,0.33535928,0.33738002
2559,0.20538229,0.2176654
1371,0.31199217,0.23260272
1318,0.56745696,0.6259181
365,0.2037625,0.3355898
1724,0.42437443,0.29667747
1582,0.28220853,0.3407709
1586,0.5860132,0.443653
10,0.559848,0.6398604
1941,0.2413578,0.18722606
2734,0.29401475,0.30098173
206,0.66247785,0.76417303
61,0.604142,0.5170816
2134,0.35634848,0.14011472
2558,0.30364084,0.38758668
2363,0.70945966,0.8043437
2372,0.53811806,0.48624232
1332,0.25528324,0.20016608
3209,0.24640521,0.19724181
1889,0.32271296,0.44904894
2236,0.6608844,0.5213836
607,0.073049754,0.053328604
2484,0.44449973,0.6102681
1536,0.43507493,0.6345047
598,0.22904903,0.21639502
2716,0.6257214,0.7873509
1600,0.36571482,0.28299356
550,0.36263114,0.45349762
175,0.07902667,0.09430936
2004,0.5261114,0.53391457
84,0.26996678,0.71608156
1827,0.38533348,0.66084146
1146,0.55296695,0.78886074
100,0.08630803,0.06412962
216,0.16030946,0.18355548
657,0.31409013,0.20851234
1086,0.44512445,0.3583166
2155,0.08365536,0.15510511
3255,0.6290897,0.54840183
626,0.30145627,0.22809356
3156,0.30424538,0.52313846
2325,0.61044014,0.7713476
1004,0.28982463,0.4316704
108,0.2940244,0.3738749
1869,0.13070777,0.6331492
2469,0.17077863,0.27364892
2188,0.34949,0.39875752
1590,0.5252919,0.4625294
3044,0.5030959,0.598355
2809,0.73849404,0.86441964
2440,0.42362484,0.48876926
1919,0.36163074,0.3093992
1552,0.28675905,0.30369508
2966,0.2839424,0.33392152
425,0.46600142,0.60835814
3270,0.33933342,0.3190148
530,0.5790166,0.42034334
2940,0.35477233,0.3623888
2782,0.25874937,0.27896076
338,0.5078738,0.40918496
1137,0.58718914,0.7673154
2581,0.24319097,0.22669548
130,0.2639382,0.48644462
2015,0.68387353,0.795956
643,0.31921577,0.381101
2862,0.3475809,0.40654036
82,0.22434765,0.24104458
797,0.4620561,0.5515391
3243,0.6300861,0.8869945
395,0.31897485,0.3242917
1701,0.23941818,0.38931024
1507,0.46291596,0.5649369
1533,0.6409826,0.70823586
826,0.31294644,0.26269138
690,0.3954255,0.57551014
2676,0.35282513,0.33259088
1349,0.46679786,0.37301648
120,0.5107832,0.6335885
3089,0.09509885,0.050171018
718,0.39825398,0.4176048
908,0.08090919,0.026186317
1667,0.5662503,0.49001607
2349,0.6358145,0.79738545
2041,0.30185908,0.2614916
1926,0.50627,0.8716064
2980,0.3037006,0.25390184
234,0.21044335,0.16918564
2798,0.15209907,0.1532037
2617,0.42983598,0.44792375
1629,0.5468641,0.75480115
221,0.64986426,0.6668112
2471,0.3522116,0.3569662
1873,0.36733353,0.51079077
60,0.22659817,0.18470019
2579,0.36654586,0.31545126
791,0.4053771,0.41457328
2264,0.53754836,0.65475696
2634,0.5462703,0.53228766
1906,0.4993311,0.6766876
3128,0.71159273,0.8378724
79,0.46115568,0.33742303
1909,0.34085876,0.26404846
2074,0.08388895,0.07231286
1412,0.24058825,0.15403739
2836,0.5725545,0.56486946
413,0.45850632,0.37804592
3169,0.22269523,0.14854026
3204,0.76760495,0.8746488
2832,0.6960954,0.83572066
244,0.3080969,0.29643166
2835,0.46566367,0.59374
2938,0.21649325,0.30145678
1056,0.1568842,0.12321967
1414,0.19988638,0.16681078
830,0.24601859,0.24813765
1097,0.21242705,0.19901788
434,0.49621907,0.4722874
3138,0.24162441,0.14685091
2221,0.11933467,0.09294927
1677,0.17610383,0.2124233
1900,0.33956015,0.35168737
2215,0.5842364,0.5039569
2257,0.561768,0.43407148
89,0.26664257,0.13909614
32,0.79889804,0.8608781
1727,0.4176657,0.51097775
1249,0.15728593,0.07790452
3103,0.2098,0.25915897
9,0.31001526,0.050784916
2580,0.2703879,0.19937748
2710,0.57178086,0.6208261
2692,0.19273123,0.227546
1433,0.26261383,0.40018076
250,0.52010417,0.55878276
573,0.30922088,0.16810685
2463,0.3892627,0.30836165
1592,0.5103107,0.39977142
1283,0.25544924,0.25166565
2282,0.59955615,0.373634
1301,0.17439437,0.17001525
505,0.14820647,0.11608428
1032,0.21240318,0.11711419
1288,0.41928363,0.4397834
2673,0.3824698,0.28970325
2158,0.50626415,0.68639505
2926,0.35961992,0.42072365
2975,0.23810744,0.26345086
3194,0.66062415,0.7485249
3043,0.27545837,0.20702657
163,0.3442869,0.46289498
1758,0.38646108,0.40961003
630,0.5330399,0.38102
2791,0.7191026,0.8458115
351,0.94830245,0.99574524
703,0.70480573,0.68241346
3083,0.58030975,0.65280193
731,0.47022426,0.1843251
1094,0.5217387,0.45525154
2844,0.44714564,0.47647598
2764,0.6672584,0.64523107
2314,0.7128749,0.77704334
94,0.33552605,0.3617605
495,0.4571039,0.41259757
25,0.22662961,0.20810193
2714,0.16552442,0.26532722
1958,0.5830081,0.5696118
189,0.5346217,0.6676978
2538,0.089553,0.11481282
87,0.15143725,0.17268276
3027,0.116921484,0.09939021
1493,0.45321292,0.59149694
490,0.44538486,0.36442643
1204,0.5707152,0.5229425
1360,0.47613725,0.30559796
2371,0.35274172,0.34712675
476,0.43439838,0.42125243
2075,0.016484767,0.0040183365
1143,0.4573004,0.49984375
1225,0.3916549,0.42511082
433,0.42107236,0.3322152
1524,0.53249025,0.5824142
3049,0.36927462,0.33287734
1467,0.27838373,0.29819483
1062,0.24481645,0.26495957
1342,0.34675205,0.20927888
814,0.4113128,0.23776838
925,0.42075312,0.42469552
1380,0.48936978,0.47313437
524,0.08668822,0.20626754
836,0.23003057,0.22046053
1357,0.2671946,0.3912379
795,0.19942686,0.33235514
1346,0.4124647,0.50103205
2164,0.5573098,0.62182486
2777,0.5844781,0.78168285
1830,0.11796734,0.11606133
783,0.09671962,0.17192662
2102,0.36200082,0.16541377
2922,0.58435184,0.71983325
1014,0.32317364,0.35623327
2685,0.41570815,0.30561742
2603,0.2862905,0.30964458
805,0.116256535,0.063568324
1295,0.24608183,0.15000337
711,0.76885796,0.6919761
1073,0.42254943,0.6481349
1166,0.3819559,0.25776398
1899,0.35332972,0.23331422
1987,0.2112531,0.2469813
2694,0.07406944,0.07085404
1337,0.46037918,0.55858755
1444,0.35978195,0.48397672
2446,0.7536881,0.911487
1776,0.16188392,0.1394935
2766,0.75884116,0.82334274
2281,0.3847659,0.26672083
2422,0.46911222,0.37212276
966,0.29641297,0.3277331
1252,0.5195151,0.50947845
2344,0.7461014,0.8553709
2461,0.2993638,0.4306379
135,0.18412533,0.2259601
835,0.23144943,0.22725588
1482,0.53899217,0.45890024
